use pokeaventure;


INSERT INTO region(id, name_en, name_fr) VALUES

                                             (1, 'Kanto', 'Kanto'),
                                             (2, 'Johto', 'Johto'),
                                             (3, 'Hoenn', 'Hoenn'),
                                             (4, 'Sinnoh', 'Sinnoh'),
                                             (5, 'Unova', 'Unova'),
                                             (6, 'Kalos', 'Kalos'),
                                             (7, 'Alola', 'Alola'),
                                             (8, 'Galar', 'Galar'),
                                             (9, 'Hisui', 'Hisui'),
                                             (10, 'Paldea', 'Paldea');

INSERT INTO generation(id,main_region_id) VALUES
                                              (1,1), (2,2), (3,3), (4,4), (5,5), (6,6),(7,7), (8,8), (9,9);

INSERT INTO game_console(id, identifier, name_en, name_fr) VALUES

                                                               (1, 'GB', 'Game Boy', 'Game Boy'),
                                                               (2, 'GBC', 'Game Boy Color', 'Game Boy Color'),
                                                               (3, 'GBA', 'Game Boy Advance', 'Game Boy Advance'),
                                                               (4, 'N64', 'Nintendo 64', 'Nintendo 64'),
                                                               (5, 'GC', 'GameCube', 'GameCube'),
                                                               (6, 'NDS', 'Nintendo DS', 'Nintendo DS'),
                                                               (7, '3DS', 'Nintendo 3DS', 'Nintendo 3DS'),
                                                               (8, 'Wii', 'Wii', 'Wii'),
                                                               (9, 'WiiU', 'Wii U', 'Wii U'),
                                                               (10, 'Switch', 'Nintendo Switch', 'Nintendo Switch');

INSERT INTO version_group(id, identifier, generation_id, region_id, game_console_id, release_date) VALUES
                                                                                                       (1, 'red-blue', 1, 1, 1, '1996-02-27'),
                                                                                                       (2, 'yellow', 1, 1, 1, '1998-10-18'),
                                                                                                       (3, 'gold-silver', 2, 2, 3, '2000-09-14'),
                                                                                                       (4, 'crystal', 2, 2, 3, '2001-02-27'),
                                                                                                       (5, 'ruby-sapphire', 3, 3, 3, '2003-03-21'),
                                                                                                       (6, 'emerald', 3, 3, 3, '2005-05-01'),
                                                                                                       (7, 'firered-leafgreen', 3, 3, 3, '2004-03-04'),
                                                                                                       (8, 'diamond-pearl', 4, 4, 6, '2006-09-28'),
                                                                                                       (9, 'platinum', 4, 4, 6, '2008-03-22'),
                                                                                                       (10, 'heartgold-soulsilver', 2, 2, 5, '2009-03-14'),
                                                                                                       (11, 'black-white', 5, 5, 7, '2010-09-18'),
                                                                                                       (12, 'black-2-white-2', 5, 5, 7, '2012-06-23'),
                                                                                                       (13, 'x-y', 6, 6, 7, '2013-10-12'),
                                                                                                       (14, 'omega-ruby-alpha-sapphire', 3, 3, 7, '2014-11-21'),
                                                                                                       (15, 'sun-moon', 7, 7, 7, '2016-11-18'),
                                                                                                       (16, 'ultra-sun-ultra-moon', 7, 7, 7, '2017-11-17'),
                                                                                                       (17, 'lets-go-pikachu-lets-go-eevee', 7, 1, 10, '2018-11-16'),
                                                                                                       (18, 'sword-shield', 8, 8, 10, '2019-11-15'),
                                                                                                       (19, 'brilliant-diamond-and-shining-pearl', 8, 4, 10,  '2021-11-19'),
                                                                                                       (20, 'legends-arceus', 8, 9, 10,  '2022-01-28'),
                                                                                                       (21, 'scarlet-violet', 9, 10, 10, '2022-11-18');

INSERT INTO version (name_en, name_fr, version_group_id) VALUES
                                                             ('Red', 'Rouge', 1),
                                                             ('Blue', 'Bleu', 1),
                                                             ('Yellow', 'Jaune', 2),
                                                             ('Gold', 'Or', 3),
                                                             ('Silver', 'Argent', 3),
                                                             ('Crystal', 'Cristal', 4),
                                                             ('Ruby', 'Rubis', 5),
                                                             ('Sapphire', 'Saphir', 5),
                                                             ('Emerald', 'Emeraude', 6),
                                                             ('FireRed', 'Rouge Feu', 7),
                                                             ('LeafGreen', 'Vert Feuille', 7),
                                                             ('Diamond', 'Diamant', 8),
                                                             ('Pearl', 'Perle', 8),
                                                             ('Platinum', 'Platine', 9),
                                                             ('HeartGold', 'Or Heart', 10),
                                                             ('SoulSilver', 'Argent Heart', 10),
                                                             ('Black', 'Noir', 11),
                                                             ('White', 'Blanc', 11),
                                                             ('Black 2', 'Noir 2', 12),
                                                             ('White 2', 'Blanc 2', 12),
                                                             ('X', 'X', 13),
                                                             ('Y', 'Y', 13),
                                                             ('Omega Ruby', 'Rubis Oméga', 14),
                                                             ('Alpha Sapphire', 'Saphir Alpha', 14),
                                                             ('Sun', 'Soleil', 15),
                                                             ('Moon', 'Lune', 15),
                                                             ('Ultra Sun', 'Ultra Soleil', 16),
                                                             ('Ultra Moon', 'Ultra Lune', 16),
                                                             ('Let’s Go Pikachu', 'Allons-y Pikachu', 17),
                                                             ('Let’s Go Eevee', 'Allons-y Eevee', 17),
                                                             ('Sword', 'Epée', 18),
                                                             ('Shield', 'Bouclier', 18),
                                                             ('Brilliant Diamond', 'Diamant Étincelant', 19),
                                                             ('Shining Pearl', 'Perle Scintillante', 19),
                                                             ('Legends Arceus', 'Légendes Arceus', 20),
                                                             ('Scarlet', 'Écarlate', 21),
                                                             ('Violet', ' Violet', 21);

INSERT INTO pokedex(id, region_id, name_en, name_fr, description_en, description_fr) VALUES
                                                                                         (1, NULL, 'National', 'National', 'Entire National dex', 'Pokédex National complet'),
                                                                                         (2, 1, 'Kanto', 'Kanto', 'Red/Blue/Yellow Kanto dex', 'Pokédex régional de Kanto dans Rouge/Bleu/Jaune'),
                                                                                         (3, 2, 'Original Johto', 'Johto initial', 'Gold/Silver/Crystal Johto dex—called the New Pokédex in-game', 'Pokédex régional de Johto dans Or/Argent/Cristal, appellé Nouveau Pokédex dans le jeu'),
                                                                                         (4, 3, 'Original Hoenn', 'Hoenn initial', 'Ruby/Sapphire/Emerald Hoenn dex', 'Pokédex régional d''Hoenn dans Rubis/Saphir/Émeraude'),
                                                                                         (5, 4, 'Original Sinnoh', 'Sinnoh initial', 'Diamond/Pearl Sinnoh dex', 'Pokédex régional de Sinnoh dans Diamant/Perle'),
                                                                                         (6, 4, 'Extended Sinnoh', 'Sinnoh étendu', 'Platinum Sinnoh dex—an extended version of Diamond and Pearl''s', ' Pokédex régional de Sinnoh dans Platine'),
                                                                                         (7, 2, 'Updated Johto', 'Johto amélioré', 'HeartGold/SoulSilver Johto dex—Gold/Silver/Crystal''s, extended to add move-based Generation IV evolutions', ' Pokédex régional de Johto dans Or HeartGold/Argent SoulSilver, mis à jour pour la 4ème génération'),
                                                                                         (8, 5, 'Original Unova', 'Unys initial', 'Black/White Unova dex', ' Pokédex régional d''Unys dans Noir/Blanc'),
                                                                                         (9, 5, 'Updated Unova', 'Unys amélioré', 'Black 2/White 2 Unova dex', ' Pokédex régional d''Unys dans Noir 2/Blanc 2'),
                                                                                         (10, 6, 'Central Kalos', 'Kalos : Centre', 'NO DATA', 'NO DATA'),
                                                                                         (11, 6, 'Coastal Kalos', 'Kalos : Côtes', 'NO DATA', 'NO DATA'),
                                                                                         (12, 6, 'Mountain Kalos', 'Kalos : Monts', 'NO DATA', 'NO DATA'),
                                                                                         (13, 3, 'New Hoenn', 'Hoenn amélioré', 'Omega Ruby/Alpha Sapphire Hoenn Dex—Ruby/Sapphire/Emeralds, updated to add new evolutions', ' Pokédex régional Hoenn dans Rubis Oméga/Saphir Alpha, mis à jour pour les nouvelles évolutions'),
                                                                                         (14, 7, 'Original Alola', 'Alola initial', 'Sun/Moon Alola dex', 'NO DATA'),
                                                                                         (15, 7, 'Original Melemele', 'Melemele initial', 'Sun/Moon Melemele dex', 'NO DATA'),
                                                                                         (16, 7, 'Original Akala', 'Akala initial', 'Sun/Moon Akala dex', 'NO DATA'),
                                                                                         (17, 7, 'Original Ula''ula', 'Ula''ula initial', 'Sun/Moon Ula''ula dex', 'NO DATA'),
                                                                                         (18, 7, 'Original Poni', 'Poni initial', 'Sun/Moon Poni dex', 'NO DATA'),
                                                                                         (19, 7, 'Updated Alola', 'Alola amélioré', 'Ultra Sun/Ultra Moon Alola dex', 'NO DATA'),
                                                                                         (20, 7, 'Updated Melemele', 'Melemele amélioré', 'Ultra Sun/Ultra Moon Melemele dex', 'NO DATA'),
                                                                                         (21, 7, 'Updated Akala', 'Akala amélioré', 'Ultra Sun/Ultra Moon Akala dex', 'NO DATA'),
                                                                                         (22, 7, 'Updated Ula''ula', 'Ula''ula amélioré', 'Ultra Sun/Ultra Moon Ula''ula dex', 'NO DATA'),
                                                                                         (23, 7, 'Updated Poni', 'Poni amélioré', 'Ultra Sun/Ultra Moon Poni dex', 'NO DATA'),
                                                                                         (24, 1, 'Let’s go Kanto', 'Let’s go Kanto','Let’s Go: Pikachu/Let’s Go: Eevee Kanto dex', 'Pokédex régional de Kanto dans Let’s Go: Pikachu/Let’s Go: Eevee'),
                                                                                         (25, 8, 'Original Galar', 'Galar initial', 'Sword/Shield Galar dex', 'NO DATA'),
                                                                                         (26, 4, 'Updated Sinnoh', 'Sinnoh amélioré', 'Brilliant Diamond/Shining pearl Sinnoh dex', 'NO DATA'),
                                                                                         (27, 9, 'Original Arceus', 'Arceus initial', 'Legends Arceus Arceus dex', 'NO DATA'),
                                                                                         (28, 10, 'Original paldea', 'Paldea initial', 'Scarlet/violet dex', 'NO DATA');

INSERT INTO pokedex_version_group(pokedex_id, version_group_id) VALUES
                                                                    (2, 1), (2, 2), (2, 7),
                                                                    (3, 3), (3, 4),
                                                                    (4, 5), (4, 6),
                                                                    (5, 8),
                                                                    (6, 9),
                                                                    (7, 10),
                                                                    (8, 11),
                                                                    (9, 12),
                                                                    (10, 13),
                                                                    (11, 13),
                                                                    (12, 13),
                                                                    (13, 14),
                                                                    (14, 15),
                                                                    (15, 15),
                                                                    (16, 15),
                                                                    (17, 15),
                                                                    (18, 15),
                                                                    (19, 16),
                                                                    (20, 16),
                                                                    (21, 16),
                                                                    (22, 16),
                                                                    (23, 16),
                                                                    (24, 17),
                                                                    (25, 18),
                                                                    (26, 19),
                                                                    (27, 20),
                                                                    (28, 21);
-- --------------------------------------------------------
INSERT INTO growth_rate(id, formula, description_en, description_fr) VALUES
                                                                         (1, '5x^3/4', 'slow', 'lente'),
                                                                         (2, 'x^3', 'medium', 'moyenne'),
                                                                         (3, '4x^3/5', 'fast', 'rapide'),
                                                                         (4, '6x^3/5 - 15x^2 + 100x - 140', 'parabolic', 'parabolique'),
                                                                         (5, '\begin{cases} \frac{ x^3 \left( 100 - x \right) }{50}, & \text{if } x \leq 50 \ \frac{ x^3 \left( 150 - x \right) }{100}, & \text{if } 50 < x \leq 68 \ \frac{ x^3 \left( 1274 + (x \bmod 3)^2 - 9 (x \bmod 3) - 20 \left\lfloor \frac{x}{3} \right\rfloor \right) }{1000}, & \text{if } 68 < x \leq 98 \ \frac{ x^3 \left( 160 - x \right) }{100}, & \text{if } x > 98 \ \end{cases}', 'erratic', 'erratique'),
                                                                         (6, '\begin{cases} \frac{ x^3 \left( 24 + \left\lfloor \frac{x+1}{3} \right\rfloor \right) }{50}, & \text{if } x \leq 15 \ \frac{ x^3 \left( 14 + x \right) }{50}, & \text{if } 15 < x \leq 35 \ \frac{ x^3 \left( 32 + \left\lfloor \frac{x}{2} \right\rfloor \right ) }{50}, & \text{if } x > 35 \ \end{cases}', 'fluctuating', 'fluctuante');

INSERT INTO experience (growth_rate_id, level, experience) VALUES
                                                               (1, 1, 0), (1, 2, 10), (1, 3, 33), (1, 4, 80), (1, 5, 156), (1, 6, 270), (1, 7, 428), (1, 8, 640), (1, 9, 911), (1, 10, 1250), (1, 11, 1663), (1, 12, 2160), (1, 13, 2746), (1, 14, 3430), (1, 15, 4218), (1, 16, 5120), (1, 17, 6141), (1, 18, 7290), (1, 19, 8573), (1, 20, 10000), (1, 21, 11576), (1, 22, 13310), (1, 23, 15208), (1, 24, 17280), (1, 25, 19531), (1, 26, 21970), (1, 27, 24603), (1, 28, 27440), (1, 29, 30486), (1, 30, 33750), (1, 31, 37238), (1, 32, 40960), (1, 33, 44921), (1, 34, 49130), (1, 35, 53593), (1, 36, 58320), (1, 37, 63316), (1, 38, 68590), (1, 39, 74148), (1, 40, 80000), (1, 41, 86151), (1, 42, 92610), (1, 43, 99383), (1, 44, 106480), (1, 45, 113906), (1, 46, 121670), (1, 47, 129778), (1, 48, 138240), (1, 49, 147061),
                                                               (1, 50, 156250), (1, 51, 165813), (1, 52, 175760), (1, 53, 186096), (1, 54, 196830), (1, 55, 207968), (1, 56, 219520), (1, 57, 231491), (1, 58, 243890), (1, 59, 256723), (1, 60, 270000), (1, 61, 283726), (1, 62, 297910), (1, 63, 312558), (1, 64, 327680), (1, 65, 343281), (1, 66, 359370), (1, 67, 375953), (1, 68, 393040), (1, 69, 410636), (1, 70, 428750), (1, 71, 447388), (1, 72, 466560), (1, 73, 486271), (1, 74, 506530), (1, 75, 527343), (1, 76, 548720), (1, 77, 570666), (1, 78, 593190), (1, 79, 616298), (1, 80, 640000), (1, 81, 664301), (1, 82, 689210), (1, 83, 714733), (1, 84, 740880), (1, 85, 767656), (1, 86, 795070), (1, 87, 823128), (1, 88, 851840), (1, 89, 881211), (1, 90, 911250), (1, 91, 941963), (1, 92, 973360), (1, 93, 1005446), (1, 94, 1038230), (1, 95, 1071718), (1, 96, 1105920), (1, 97, 1140841), (1, 98, 1176490), (1, 99, 1212873), (1, 100, 1250000),

                                                               (2, 1, 0), (2, 2, 8), (2, 3, 27), (2, 4, 64), (2, 5, 125), (2, 6, 216), (2, 7, 343), (2, 8, 512), (2, 9, 729), (2, 10, 1000), (2, 11, 1331), (2, 12, 1728), (2, 13, 2197), (2, 14, 2744), (2, 15, 3375), (2, 16, 4096), (2, 17, 4913), (2, 18, 5832), (2, 19, 6859), (2, 20, 8000), (2, 21, 9261), (2, 22, 10648), (2, 23, 12167), (2, 24, 13824), (2, 25, 15625), (2, 26, 17576), (2, 27, 19683), (2, 28, 21952), (2, 29, 24389), (2, 30, 27000), (2, 31, 29791), (2, 32, 32768), (2, 33, 35937), (2, 34, 39304), (2, 35, 42875), (2, 36, 46656), (2, 37, 50653), (2, 38, 54872), (2, 39, 59319), (2, 40, 64000), (2, 41, 68921), (2, 42, 74088), (2, 43, 79507), (2, 44, 85184), (2, 45, 91125), (2, 46, 97336), (2, 47, 103823), (2, 48, 110592), (2, 49, 117649),
                                                               (2, 50, 125000), (2, 51, 132651), (2, 52, 140608), (2, 53, 148877), (2, 54, 157464), (2, 55, 166375), (2, 56, 175616), (2, 57, 185193), (2, 58, 195112), (2, 59, 205379), (2, 60, 216000), (2, 61, 226981), (2, 62, 238328), (2, 63, 250047), (2, 64, 262144), (2, 65, 274625), (2, 66, 287496), (2, 67, 300763), (2, 68, 314432), (2, 69, 328509), (2, 70, 343000), (2, 71, 357911), (2, 72, 373248), (2, 73, 389017), (2, 74, 405224), (2, 75, 421875), (2, 76, 438976), (2, 77, 456533), (2, 78, 474552), (2, 79, 493039), (2, 80, 512000), (2, 81, 531441), (2, 82, 551368), (2, 83, 571787), (2, 84, 592704), (2, 85, 614125), (2, 86, 636056), (2, 87, 658503), (2, 88, 681472), (2, 89, 704969), (2, 90, 729000), (2, 91, 753571), (2, 92, 778688), (2, 93, 804357), (2, 94, 830584), (2, 95, 857375), (2, 96, 884736), (2, 97, 912673), (2, 98, 941192), (2, 99, 970299), (2, 100, 1000000),

                                                               (3, 1, 0), (3, 2, 6), (3, 3, 21), (3, 4, 51), (3, 5, 100), (3, 6, 172), (3, 7, 274), (3, 8, 409), (3, 9, 583), (3, 10, 800), (3, 11, 1064), (3, 12, 1382), (3, 13, 1757), (3, 14, 2195), (3, 15, 2700), (3, 16, 3276), (3, 17, 3930), (3, 18, 4665), (3, 19, 5487), (3, 20, 6400), (3, 21, 7408), (3, 22, 8518), (3, 23, 9733), (3, 24, 11059), (3, 25, 12500), (3, 26, 14060), (3, 27, 15746), (3, 28, 17561), (3, 29, 19511), (3, 30, 21600), (3, 31, 23832), (3, 32, 26214), (3, 33, 28749), (3, 34, 31443), (3, 35, 34300), (3, 36, 37324), (3, 37, 40522), (3, 38, 43897), (3, 39, 47455), (3, 40, 51200), (3, 41, 55136), (3, 42, 59270), (3, 43, 63605), (3, 44, 68147), (3, 45, 72900), (3, 46, 77868), (3, 47, 83058), (3, 48, 88473), (3, 49, 94119),
                                                               (3, 50, 100000), (3, 51, 106120), (3, 52, 112486), (3, 53, 119101), (3, 54, 125971), (3, 55, 133100), (3, 56, 140492), (3, 57, 148154), (3, 58, 156089), (3, 59, 164303), (3, 60, 172800), (3, 61, 181584), (3, 62, 190662), (3, 63, 200037), (3, 64, 209715), (3, 65, 219700), (3, 66, 229996), (3, 67, 240610), (3, 68, 251545), (3, 69, 262807), (3, 70, 274400), (3, 71, 286328), (3, 72, 298598), (3, 73, 311213), (3, 74, 324179), (3, 75, 337500), (3, 76, 351180), (3, 77, 365226), (3, 78, 379641), (3, 79, 394431), (3, 80, 409600), (3, 81, 425152), (3, 82, 441094), (3, 83, 457429), (3, 84, 474163), (3, 85, 491300), (3, 86, 508844), (3, 87, 526802), (3, 88, 545177), (3, 89, 563975), (3, 90, 583200), (3, 91, 602856), (3, 92, 622950), (3, 93, 643485), (3, 94, 664467), (3, 95, 685900), (3, 96, 707788), (3, 97, 730138), (3, 98, 752953), (3, 99, 776239), (3, 100, 800000),

                                                               (4, 1, 0), (4, 2, 9), (4, 3, 57), (4, 4, 96), (4, 5, 135), (4, 6, 179), (4, 7, 236), (4, 8, 314), (4, 9, 419), (4, 10, 560), (4, 11, 742), (4, 12, 973), (4, 13, 1261), (4, 14, 1612), (4, 15, 2035), (4, 16, 2535), (4, 17, 3120), (4, 18, 3798), (4, 19, 4575), (4, 20, 5460), (4, 21, 6458), (4, 22, 7577), (4, 23, 8825), (4, 24, 10208), (4, 25, 11735), (4, 26, 13411), (4, 27, 15244), (4, 28, 17242), (4, 29, 19411), (4, 30, 21760), (4, 31, 24294), (4, 32, 27021), (4, 33, 29949), (4, 34, 33084), (4, 35, 36435), (4, 36, 40007), (4, 37, 43808), (4, 38, 47846), (4, 39, 52127), (4, 40, 56660), (4, 41, 61450), (4, 42, 66505), (4, 43, 71833), (4, 44, 77440), (4, 45, 83335), (4, 46, 89523), (4, 47, 96012), (4, 48, 102810), (4, 49, 109923),
                                                               (4, 50, 117360), (4, 51, 125126), (4, 52, 133229), (4, 53, 141677), (4, 54, 150476), (4, 55, 159635), (4, 56, 169159), (4, 57, 179056), (4, 58, 189334), (4, 59, 199999), (4, 60, 211060), (4, 61, 222522), (4, 62, 234393), (4, 63, 246681), (4, 64, 259392), (4, 65, 272535), (4, 66, 286115), (4, 67, 300140), (4, 68, 314618), (4, 69, 329555), (4, 70, 344960), (4, 71, 360838), (4, 72, 377197), (4, 73, 394045), (4, 74, 411388), (4, 75, 429235), (4, 76, 447591), (4, 77, 466464), (4, 78, 485862), (4, 79, 505791), (4, 80, 526260), (4, 81, 547274), (4, 82, 568841), (4, 83, 590969), (4, 84, 613664), (4, 85, 636935), (4, 86, 660787), (4, 87, 685228), (4, 88, 710266), (4, 89, 735907), (4, 90, 762160), (4, 91, 789030), (4, 92, 816525), (4, 93, 844653), (4, 94, 873420), (4, 95, 902835), (4, 96, 932903), (4, 97, 963632), (4, 98, 995030), (4, 99, 1027103), (4, 100, 1059860),

                                                               (5, 1, 0), (5, 2, 15), (5, 3, 52), (5, 4, 122), (5, 5, 237), (5, 6, 406), (5, 7, 637), (5, 8, 942), (5, 9, 1326), (5, 10, 1800), (5, 11, 2369), (5, 12, 3041), (5, 13, 3822), (5, 14, 4719), (5, 15, 5737), (5, 16, 6881), (5, 17, 8155), (5, 18, 9564), (5, 19, 11111), (5, 20, 12800), (5, 21, 14632), (5, 22, 16610), (5, 23, 18737), (5, 24, 21012), (5, 25, 23437), (5, 26, 26012), (5, 27, 28737), (5, 28, 31610), (5, 29, 34632), (5, 30, 37800), (5, 31, 41111), (5, 32, 44564), (5, 33, 48155), (5, 34, 51881), (5, 35, 55737), (5, 36, 59719), (5, 37, 63822), (5, 38, 68041), (5, 39, 72369), (5, 40, 76800), (5, 41, 81326), (5, 42, 85942), (5, 43, 90637), (5, 44, 95406), (5, 45, 100237), (5, 46, 105122), (5, 47, 110052), (5, 48, 115015), (5, 49, 120001),
                                                               (5, 50, 125000), (5, 51, 131324), (5, 52, 137795), (5, 53, 144410), (5, 54, 151165), (5, 55, 158056), (5, 56, 165079), (5, 57, 172229), (5, 58, 179503), (5, 59, 186894), (5, 60, 194400), (5, 61, 202013), (5, 62, 209728), (5, 63, 217540), (5, 64, 225443), (5, 65, 233431), (5, 66, 241496), (5, 67, 249633), (5, 68, 257834), (5, 69, 267406), (5, 70, 276458), (5, 71, 286328), (5, 72, 296358), (5, 73, 305767), (5, 74, 316074), (5, 75, 326531), (5, 76, 336255), (5, 77, 346965), (5, 78, 357812), (5, 79, 367807), (5, 80, 378880), (5, 81, 390077), (5, 82, 400293), (5, 83, 411686), (5, 84, 423190), (5, 85, 433572), (5, 86, 445239), (5, 87, 457001), (5, 88, 467489), (5, 89, 479378), (5, 90, 491346), (5, 91, 501878), (5, 92, 513934), (5, 93, 526049), (5, 94, 536557), (5, 95, 548720), (5, 96, 560922), (5, 97, 571333), (5, 98, 583539), (5, 99, 591882), (5, 100, 600000),

                                                               (6, 1, 0), (6, 2, 4), (6, 3, 13), (6, 4, 32), (6, 5, 65), (6, 6, 112), (6, 7, 178), (6, 8, 276), (6, 9, 393), (6, 10, 540), (6, 11, 745), (6, 12, 967), (6, 13, 1230), (6, 14, 1591), (6, 15, 1957), (6, 16, 2457), (6, 17, 3046), (6, 18, 3732), (6, 19, 4526), (6, 20, 5440), (6, 21, 6482), (6, 22, 7666), (6, 23, 9003), (6, 24, 10506), (6, 25, 12187), (6, 26, 14060), (6, 27, 16140), (6, 28, 18439), (6, 29, 20974), (6, 30, 23760), (6, 31, 26811), (6, 32, 30146), (6, 33, 33780), (6, 34, 37731), (6, 35, 42017), (6, 36, 46656), (6, 37, 50653), (6, 38, 55969), (6, 39, 60505), (6, 40, 66560), (6, 41, 71677), (6, 42, 78533), (6, 43, 84277), (6, 44, 91998), (6, 45, 98415), (6, 46, 107069), (6, 47, 114205), (6, 48, 123863), (6, 49, 131766),
                                                               (6, 50, 142500), (6, 51, 151222), (6, 52, 163105), (6, 53, 172697), (6, 54, 185807), (6, 55, 196322), (6, 56, 210739), (6, 57, 222231), (6, 58, 238036), (6, 59, 250562), (6, 60, 267840), (6, 61, 281456), (6, 62, 300293), (6, 63, 315059), (6, 64, 335544), (6, 65, 351520), (6, 66, 373744), (6, 67, 390991), (6, 68, 415050), (6, 69, 433631), (6, 70, 459620), (6, 71, 479600), (6, 72, 507617), (6, 73, 529063), (6, 74, 559209), (6, 75, 582187), (6, 76, 614566), (6, 77, 639146), (6, 78, 673863), (6, 79, 700115), (6, 80, 737280), (6, 81, 765275), (6, 82, 804997), (6, 83, 834809), (6, 84, 877201), (6, 85, 908905), (6, 86, 954084), (6, 87, 987754), (6, 88, 1035837), (6, 89, 1071552), (6, 90, 1122660), (6, 91, 1160499), (6, 92, 1214753), (6, 93, 1254796), (6, 94, 1312322), (6, 95, 1354652), (6, 96, 1415577), (6, 97, 1460276), (6, 98, 1524731), (6, 99, 1571884), (6, 100, 1640000);

INSERT INTO damage_class (id, name_en, name_fr, description_en, description_fr) VALUES

                                                                                    (1, 'status', 'statut', 'No damage', 'Aucun dégât'),
                                                                                    (2, 'physical', 'physique', 'Physical damage, controlled by Attack and Defense', 'Dégâts physique, influencés par l''Attaque et la Défense'),
                                                                                    (3, 'special', 'spéciale', 'Special damage, controlled by Special Attack and Special Defense', 'Dégâts spéciaux, influencés par l''Attaque Spéciale et la Défense Spéciale');

INSERT INTO type (id, name_fr, name_en, appear_generation_id, damage_class_id) VALUES
                                                                                   (1, 'Normal', 'normal', 1, 2),
                                                                                   (2, 'Combat', 'fighting', 1, 2),
                                                                                   (3, 'Vol', 'flying', 1, 2),
                                                                                   (4, 'Poison', 'poison', 1, 2),
                                                                                   (5, 'Sol', 'ground', 1, 2),
                                                                                   (6, 'Roche', 'rock', 1, 2),
                                                                                   (7, 'Insecte', 'bug', 1, 2),
                                                                                   (8, 'Spectre', 'ghost', 1, 2),
                                                                                   (9, 'Acier', 'steel', 2, 2),
                                                                                   (10, 'Feu', 'fire', 1, 3),
                                                                                   (11, 'Eau', 'water', 1, 3),
                                                                                   (12, 'Plante', 'grass', 1, 3),
                                                                                   (13, 'Électrik', 'electric', 1, 3),
                                                                                   (14, 'Psy', 'psychic', 1, 3),
                                                                                   (15, 'Glace', 'ice', 1, 3),
                                                                                   (16, 'Dragon', 'dragon', 1, 3),
                                                                                   (17, 'Ténèbre', 'dark', 2, 3),
                                                                                   (18, 'Fée', 'fairy', 6, null);

insert into type_effectiveness (id, attack_type_id, target_type_id, effectiveness, effectiveness_g1, effectiveness_g2_to_g5) values
                                                                                                                                 (1, 1, 1, 100, 100, 100),
                                                                                                                                 (2, 1, 2, 100, 100, 100),
                                                                                                                                 (3, 1, 3, 100, 100, 100),
                                                                                                                                 (4, 1, 4, 100, 100, 100),
                                                                                                                                 (5, 1, 5, 100, 100, 100),
                                                                                                                                 (6, 1, 6, 50, 50, 50),
                                                                                                                                 (7, 1, 7, 100, 100, 100),
                                                                                                                                 (8, 1, 8, 0, 0, 0),
                                                                                                                                 (9, 1, 9, 50, null, 50),
                                                                                                                                 (10, 1, 10, 100, 100, 100),
                                                                                                                                 (11, 1, 11, 100, 100, 100),
                                                                                                                                 (12, 1, 12, 100, 100, 100),
                                                                                                                                 (13, 1, 13, 100, 100, 100),
                                                                                                                                 (14, 1, 14, 100, 100, 100),
                                                                                                                                 (15, 1, 15, 100, 100, 100),
                                                                                                                                 (16, 1, 16, 100, 100, 100),
                                                                                                                                 (17, 1, 17, 100, null, 100),
                                                                                                                                 (18, 1, 18, 100, null, null),
                                                                                                                                 (19, 2, 1, 200, 200, 200),
                                                                                                                                 (20, 2, 2, 100, 100, 100),
                                                                                                                                 (21, 2, 3, 50, 50, 50),
                                                                                                                                 (22, 2, 4, 50, 50, 50),
                                                                                                                                 (23, 2, 5, 100, 100, 100),
                                                                                                                                 (24, 2, 6, 200, 200, 200),
                                                                                                                                 (25, 2, 7, 50, 50, 50),
                                                                                                                                 (26, 2, 8, 0, 0, 0),
                                                                                                                                 (27, 2, 9, 200, null, 200),
                                                                                                                                 (28, 2, 10, 100, 100, 100),
                                                                                                                                 (29, 2, 11, 100, 100, 100),
                                                                                                                                 (30, 2, 12, 100, 100, 100),
                                                                                                                                 (31, 2, 13, 100, 100, 100),
                                                                                                                                 (32, 2, 14, 50, 50, 50),
                                                                                                                                 (33, 2, 15, 200, 200, 200),
                                                                                                                                 (34, 2, 16, 100, 100, 100),
                                                                                                                                 (35, 2, 17, 200, null, 200),
                                                                                                                                 (36, 2, 18, 50, null, null),
                                                                                                                                 (37, 3, 1, 100, 100, 100),
                                                                                                                                 (38, 3, 2, 200, 200, 200),
                                                                                                                                 (39, 3, 3, 100, 100, 100),
                                                                                                                                 (40, 3, 4, 100, 100, 100),
                                                                                                                                 (41, 3, 5, 100, 100, 100),
                                                                                                                                 (42, 3, 6, 50, 50, 50),
                                                                                                                                 (43, 3, 7, 200, 200, 200),
                                                                                                                                 (44, 3, 8, 100, 100, 100),
                                                                                                                                 (45, 3, 9, 50, null, 50),
                                                                                                                                 (46, 3, 10, 100, 100, 100),
                                                                                                                                 (47, 3, 11, 100, 100, 100),
                                                                                                                                 (48, 3, 12, 200, 200, 200),
                                                                                                                                 (49, 3, 13, 50, 50, 50),
                                                                                                                                 (50, 3, 14, 100, 100, 100),
                                                                                                                                 (51, 3, 15, 100, 100, 100),
                                                                                                                                 (52, 3, 16, 100, 100, 100),
                                                                                                                                 (53, 3, 17, 100, null, 100),
                                                                                                                                 (54, 3, 18, 100, null, null),
                                                                                                                                 (55, 4, 1, 100, 100, 100),
                                                                                                                                 (56, 4, 2, 100, 100, 100),
                                                                                                                                 (57, 4, 3, 100, 100, 100),
                                                                                                                                 (58, 4, 4, 50, 50, 50),
                                                                                                                                 (59, 4, 5, 50, 50, 50),
                                                                                                                                 (60, 4, 6, 50, 50, 50),
                                                                                                                                 (61, 4, 7, 100, 200, 100),
                                                                                                                                 (62, 4, 8, 50, 50, 50),
                                                                                                                                 (63, 4, 9, 0, null, 0),
                                                                                                                                 (64, 4, 10, 100, 100, 100),
                                                                                                                                 (65, 4, 11, 100, 100, 100),
                                                                                                                                 (66, 4, 12, 200, 200, 200),
                                                                                                                                 (67, 4, 13, 100, 100, 100),
                                                                                                                                 (68, 4, 14, 100, 100, 100),
                                                                                                                                 (69, 4, 15, 100, 100, 100),
                                                                                                                                 (70, 4, 16, 100, 100, 100),
                                                                                                                                 (71, 4, 17, 100, null, 100),
                                                                                                                                 (72, 4, 18, 200, null, null),
                                                                                                                                 (73, 5, 1, 100, 100, 100),
                                                                                                                                 (74, 5, 2, 100, 100, 100),
                                                                                                                                 (75, 5, 3, 0, 0, 0),
                                                                                                                                 (76, 5, 4, 200, 200, 200),
                                                                                                                                 (77, 5, 5, 100, 100, 100),
                                                                                                                                 (78, 5, 6, 200, 200, 200),
                                                                                                                                 (79, 5, 7, 50, 50, 50),
                                                                                                                                 (80, 5, 8, 100, 100, 100),
                                                                                                                                 (81, 5, 9, 200, null, 200),
                                                                                                                                 (82, 5, 10, 200, 200, 200),
                                                                                                                                 (83, 5, 11, 100, 100, 100),
                                                                                                                                 (84, 5, 12, 50, 50, 50),
                                                                                                                                 (85, 5, 13, 200, 200, 200),
                                                                                                                                 (86, 5, 14, 100, 100, 100),
                                                                                                                                 (87, 5, 15, 100, 100, 100),
                                                                                                                                 (88, 5, 16, 100, 100, 100),
                                                                                                                                 (89, 5, 17, 100, null, 100),
                                                                                                                                 (90, 5, 18, 100, null, null),
                                                                                                                                 (91, 6, 1, 100, 100, 100),
                                                                                                                                 (92, 6, 2, 50, 50, 50),
                                                                                                                                 (93, 6, 3, 200, 200, 200),
                                                                                                                                 (94, 6, 4, 100, 100, 100),
                                                                                                                                 (95, 6, 5, 50, 50, 50),
                                                                                                                                 (96, 6, 6, 100, 100, 100),
                                                                                                                                 (97, 6, 7, 200, 200, 200),
                                                                                                                                 (98, 6, 8, 100, 100, 100),
                                                                                                                                 (99, 6, 9, 50, null, 50),
                                                                                                                                 (100, 6, 10, 200, 200, 200),
                                                                                                                                 (101, 6, 11, 100, 100, 100),
                                                                                                                                 (102, 6, 12, 100, 100, 100),
                                                                                                                                 (103, 6, 13, 100, 100, 100),
                                                                                                                                 (104, 6, 14, 100, 100, 100),
                                                                                                                                 (105, 6, 15, 200, 200, 200),
                                                                                                                                 (106, 6, 16, 100, 100, 100),
                                                                                                                                 (107, 6, 17, 100, null, 100),
                                                                                                                                 (108, 6, 18, 100, null, null),
                                                                                                                                 (109, 7, 1, 100, 100, 100),
                                                                                                                                 (110, 7, 2, 50, 50, 50),
                                                                                                                                 (111, 7, 3, 50, 50, 50),
                                                                                                                                 (112, 7, 4, 50, 200, 50),
                                                                                                                                 (113, 7, 5, 100, 100, 100),
                                                                                                                                 (114, 7, 6, 100, 100, 100),
                                                                                                                                 (115, 7, 7, 100, 100, 100),
                                                                                                                                 (116, 7, 8, 50, 50, 50),
                                                                                                                                 (117, 7, 9, 50, null, 50),
                                                                                                                                 (118, 7, 10, 50, 50, 50),
                                                                                                                                 (119, 7, 11, 100, 100, 100),
                                                                                                                                 (120, 7, 12, 200, 200, 200),
                                                                                                                                 (121, 7, 13, 100, 100, 100),
                                                                                                                                 (122, 7, 14, 200, 200, 200),
                                                                                                                                 (123, 7, 15, 100, 100, 100),
                                                                                                                                 (124, 7, 16, 100, 100, 100),
                                                                                                                                 (125, 7, 17, 200, null, 200),
                                                                                                                                 (126, 7, 18, 50, null, null),
                                                                                                                                 (127, 8, 1, 0, 0, 0),
                                                                                                                                 (128, 8, 2, 100, 100, 100),
                                                                                                                                 (129, 8, 3, 100, 100, 100),
                                                                                                                                 (130, 8, 4, 100, 100, 100),
                                                                                                                                 (131, 8, 5, 100, 100, 100),
                                                                                                                                 (132, 8, 6, 100, 100, 100),
                                                                                                                                 (133, 8, 7, 100, 100, 100),
                                                                                                                                 (134, 8, 8, 200, 200, 200),
                                                                                                                                 (135, 8, 9, 100, null, 50),
                                                                                                                                 (136, 8, 10, 100, 100, 100),
                                                                                                                                 (137, 8, 11, 100, 100, 100),
                                                                                                                                 (138, 8, 12, 100, 100, 100),
                                                                                                                                 (139, 8, 13, 100, 100, 100),
                                                                                                                                 (140, 8, 14, 200, 0, 200),
                                                                                                                                 (141, 8, 15, 100, 100, 100),
                                                                                                                                 (142, 8, 16, 100, 100, 100),
                                                                                                                                 (143, 8, 17, 50, null, 50),
                                                                                                                                 (144, 8, 18, 100, null, null),
                                                                                                                                 (145, 9, 1, 100, null, 100),
                                                                                                                                 (146, 9, 2, 100, null, 100),
                                                                                                                                 (147, 9, 3, 100, null, 100),
                                                                                                                                 (148, 9, 4, 100, null, 100),
                                                                                                                                 (149, 9, 5, 100, null, 100),
                                                                                                                                 (150, 9, 6, 200, null, 200),
                                                                                                                                 (151, 9, 7, 100, null, 100),
                                                                                                                                 (152, 9, 8, 100, null, 100),
                                                                                                                                 (153, 9, 9, 50, null, 50),
                                                                                                                                 (154, 9, 10, 50, null, 50),
                                                                                                                                 (155, 9, 11, 50, null, 50),
                                                                                                                                 (156, 9, 12, 100, null, 100),
                                                                                                                                 (157, 9, 13, 50, null, 50),
                                                                                                                                 (158, 9, 14, 100, null, 100),
                                                                                                                                 (159, 9, 15, 200, null, 200),
                                                                                                                                 (160, 9, 16, 100, null, 100),
                                                                                                                                 (161, 9, 17, 100, null, 100),
                                                                                                                                 (162, 9, 18, 200, null, null),
                                                                                                                                 (163, 10, 1, 100, 100, 100),
                                                                                                                                 (164, 10, 2, 100, 100, 100),
                                                                                                                                 (165, 10, 3, 100, 100, 100),
                                                                                                                                 (166, 10, 4, 100, 100, 100),
                                                                                                                                 (167, 10, 5, 100, 100, 100),
                                                                                                                                 (168, 10, 6, 50, 50, 50),
                                                                                                                                 (169, 10, 7, 200, 200, 200),
                                                                                                                                 (170, 10, 8, 100, 100, 100),
                                                                                                                                 (171, 10, 9, 200, null, 200),
                                                                                                                                 (172, 10, 10, 50, 50, 50),
                                                                                                                                 (173, 10, 11, 50, 50, 50),
                                                                                                                                 (174, 10, 12, 200, 200, 200),
                                                                                                                                 (175, 10, 13, 100, 100, 100),
                                                                                                                                 (176, 10, 14, 100, 100, 100),
                                                                                                                                 (177, 10, 15, 200, 200, 200),
                                                                                                                                 (178, 10, 16, 50, 50, 50),
                                                                                                                                 (179, 10, 17, 100, null, 100),
                                                                                                                                 (180, 10, 18, 100, null, null),
                                                                                                                                 (181, 11, 1, 100, 100, 100),
                                                                                                                                 (182, 11, 2, 100, 100, 100),
                                                                                                                                 (183, 11, 3, 100, 100, 100),
                                                                                                                                 (184, 11, 4, 100, 100, 100),
                                                                                                                                 (185, 11, 5, 200, 200, 200),
                                                                                                                                 (186, 11, 6, 200, 200, 200),
                                                                                                                                 (187, 11, 7, 100, 100, 100),
                                                                                                                                 (188, 11, 8, 100, 100, 100),
                                                                                                                                 (189, 11, 9, 100, null, 100),
                                                                                                                                 (190, 11, 10, 200, 200, 200),
                                                                                                                                 (191, 11, 11, 50, 50, 50),
                                                                                                                                 (192, 11, 12, 50, 50, 50),
                                                                                                                                 (193, 11, 13, 100, 100, 100),
                                                                                                                                 (194, 11, 14, 100, 100, 100),
                                                                                                                                 (195, 11, 15, 100, 100, 100),
                                                                                                                                 (196, 11, 16, 50, 50, 50),
                                                                                                                                 (197, 11, 17, 100, null, 100),
                                                                                                                                 (198, 11, 18, 100, null, null),
                                                                                                                                 (199, 12, 1, 100, 100, 100),
                                                                                                                                 (200, 12, 2, 100, 100, 100),
                                                                                                                                 (201, 12, 3, 50, 50, 50),
                                                                                                                                 (202, 12, 4, 50, 50, 50),
                                                                                                                                 (203, 12, 5, 200, 200, 200),
                                                                                                                                 (204, 12, 6, 200, 200, 200),
                                                                                                                                 (205, 12, 7, 50, 50, 50),
                                                                                                                                 (206, 12, 8, 100, 100, 100),
                                                                                                                                 (207, 12, 9, 50, null, 50),
                                                                                                                                 (208, 12, 10, 50, 50, 50),
                                                                                                                                 (209, 12, 11, 200, 200, 200),
                                                                                                                                 (210, 12, 12, 50, 50, 50),
                                                                                                                                 (211, 12, 13, 100, 100, 100),
                                                                                                                                 (212, 12, 14, 100, 100, 100),
                                                                                                                                 (213, 12, 15, 100, 100, 100),
                                                                                                                                 (214, 12, 16, 50, 50, 50),
                                                                                                                                 (215, 12, 17, 100, null, 100),
                                                                                                                                 (216, 12, 18, 100, null, null),
                                                                                                                                 (217, 13, 1, 100, 100, 100),
                                                                                                                                 (218, 13, 2, 100, 100, 100),
                                                                                                                                 (219, 13, 3, 200, 200, 200),
                                                                                                                                 (220, 13, 4, 100, 100, 100),
                                                                                                                                 (221, 13, 5, 0, 0, 0),
                                                                                                                                 (222, 13, 6, 100, 100, 100),
                                                                                                                                 (223, 13, 7, 100, 100, 100),
                                                                                                                                 (224, 13, 8, 100, 100, 100),
                                                                                                                                 (225, 13, 9, 100, null, 100),
                                                                                                                                 (226, 13, 10, 100, 100, 100),
                                                                                                                                 (227, 13, 11, 200, 200, 200),
                                                                                                                                 (228, 13, 12, 50, 50, 50),
                                                                                                                                 (229, 13, 13, 50, 50, 50),
                                                                                                                                 (230, 13, 14, 100, 100, 100),
                                                                                                                                 (231, 13, 15, 100, 100, 100),
                                                                                                                                 (232, 13, 16, 50, 50, 50),
                                                                                                                                 (233, 13, 17, 100, null, 100),
                                                                                                                                 (234, 13, 18, 100, null, null),
                                                                                                                                 (235, 14, 1, 100, 100, 100),
                                                                                                                                 (236, 14, 2, 200, 200, 200),
                                                                                                                                 (237, 14, 3, 100, 100, 100),
                                                                                                                                 (238, 14, 4, 200, 200, 200),
                                                                                                                                 (239, 14, 5, 100, 100, 100),
                                                                                                                                 (240, 14, 6, 100, 100, 100),
                                                                                                                                 (241, 14, 7, 100, 100, 100),
                                                                                                                                 (242, 14, 8, 100, 100, 100),
                                                                                                                                 (243, 14, 9, 50, null, 50),
                                                                                                                                 (244, 14, 10, 100, 100, 100),
                                                                                                                                 (245, 14, 11, 100, 100, 100),
                                                                                                                                 (246, 14, 12, 100, 100, 100),
                                                                                                                                 (247, 14, 13, 100, 100, 100),
                                                                                                                                 (248, 14, 14, 50, 50, 50),
                                                                                                                                 (249, 14, 15, 100, 100, 100),
                                                                                                                                 (250, 14, 16, 100, 100, 100),
                                                                                                                                 (251, 14, 17, 0, null, 0),
                                                                                                                                 (252, 14, 18, 100, null, null),
                                                                                                                                 (253, 15, 1, 100, 100, 100),
                                                                                                                                 (254, 15, 2, 100, 100, 100),
                                                                                                                                 (255, 15, 3, 200, 200, 200),
                                                                                                                                 (256, 15, 4, 100, 100, 100),
                                                                                                                                 (257, 15, 5, 200, 200, 200),
                                                                                                                                 (258, 15, 6, 100, 100, 100),
                                                                                                                                 (259, 15, 7, 100, 100, 100),
                                                                                                                                 (260, 15, 8, 100, 100, 100),
                                                                                                                                 (261, 15, 9, 50, null, 50),
                                                                                                                                 (262, 15, 10, 50, 100, 50),
                                                                                                                                 (263, 15, 11, 50, 50, 50),
                                                                                                                                 (264, 15, 12, 200, 200, 200),
                                                                                                                                 (265, 15, 13, 100, 100, 100),
                                                                                                                                 (266, 15, 14, 100, 100, 100),
                                                                                                                                 (267, 15, 15, 50, 50, 50),
                                                                                                                                 (268, 15, 16, 200, 200, 200),
                                                                                                                                 (269, 15, 17, 100, null, 100),
                                                                                                                                 (270, 15, 18, 100, null, null),
                                                                                                                                 (271, 16, 1, 100, 100, 100),
                                                                                                                                 (272, 16, 2, 100, 100, 100),
                                                                                                                                 (273, 16, 3, 100, 100, 100),
                                                                                                                                 (274, 16, 4, 100, 100, 100),
                                                                                                                                 (275, 16, 5, 100, 100, 100),
                                                                                                                                 (276, 16, 6, 100, 100, 100),
                                                                                                                                 (277, 16, 7, 100, 100, 100),
                                                                                                                                 (278, 16, 8, 100, 100, 100),
                                                                                                                                 (279, 16, 9, 50, null, 50),
                                                                                                                                 (280, 16, 10, 100, 100, 100),
                                                                                                                                 (281, 16, 11, 100, 100, 100),
                                                                                                                                 (282, 16, 12, 100, 100, 100),
                                                                                                                                 (283, 16, 13, 100, 100, 100),
                                                                                                                                 (284, 16, 14, 100, 100, 100),
                                                                                                                                 (285, 16, 15, 100, 100, 100),
                                                                                                                                 (286, 16, 16, 200, 200, 200),
                                                                                                                                 (287, 16, 17, 100, null, 100),
                                                                                                                                 (288, 16, 18, 0, null, null),
                                                                                                                                 (289, 17, 1, 100, null, 100),
                                                                                                                                 (290, 17, 2, 50, null, 50),
                                                                                                                                 (291, 17, 3, 100, null, 100),
                                                                                                                                 (292, 17, 4, 100, null, 100),
                                                                                                                                 (293, 17, 5, 100, null, 100),
                                                                                                                                 (294, 17, 6, 100, null, 100),
                                                                                                                                 (295, 17, 7, 100, null, 100),
                                                                                                                                 (296, 17, 8, 200, null, 200),
                                                                                                                                 (297, 17, 9, 100, null, 50),
                                                                                                                                 (298, 17, 10, 100, null, 100),
                                                                                                                                 (299, 17, 11, 100, null, 100),
                                                                                                                                 (300, 17, 12, 100, null, 100),
                                                                                                                                 (301, 17, 13, 100, null, 100),
                                                                                                                                 (302, 17, 14, 200, null, 200),
                                                                                                                                 (303, 17, 15, 100, null, 100),
                                                                                                                                 (304, 17, 16, 100, null, 100),
                                                                                                                                 (305, 17, 17, 50, null, 50),
                                                                                                                                 (306, 17, 18, 50, null, null),
                                                                                                                                 (307, 18, 1, 100, null, null),
                                                                                                                                 (308, 18, 2, 200, null, null),
                                                                                                                                 (309, 18, 3, 100, null, null),
                                                                                                                                 (310, 18, 4, 50, null, null),
                                                                                                                                 (311, 18, 5, 100, null, null),
                                                                                                                                 (312, 18, 6, 100, null, null),
                                                                                                                                 (313, 18, 7, 100, null, null),
                                                                                                                                 (314, 18, 8, 100, null, null),
                                                                                                                                 (315, 18, 9, 50, null, null),
                                                                                                                                 (316, 18, 10, 50, null, null),
                                                                                                                                 (317, 18, 11, 100, null, null),
                                                                                                                                 (318, 18, 12, 100, null, null),
                                                                                                                                 (319, 18, 13, 100, null, null),
                                                                                                                                 (320, 18, 14, 100, null, null),
                                                                                                                                 (321, 18, 15, 100, null, null),
                                                                                                                                 (322, 18, 16, 200, null, null),
                                                                                                                                 (323, 18, 17, 200, null, null),
                                                                                                                                 (324, 18, 18, 100, null, null);
-- --------------------------------------------------------

INSERT INTO berry_flavor (id, name_en, name_fr) VALUES
                                                    (1, 'Spicy', 'Epicée'),
                                                    (2, 'Dry', 'Sèche'),
                                                    (3, 'Sweet', 'Sucrée'),
                                                    (4, 'Bitter', 'Amère'),
                                                    (5, 'Sour', 'Acide');
INSERT INTO berry_firmness (id, name_en, name_fr) VALUES
                                                      (1, 'Very Soft', 'Très tendre' ),
                                                      (2, 'Soft', 'Tendre' ),
                                                      (3, 'Hard', 'Ferme' ),
                                                      (4, 'Very Hard', 'Très ferme' ),
                                                      (5, 'Super Hard', 'Super ferme');

INSERT INTO berry (id, name_en, name_fr, appear_generation_id, firmness_id, natural_gift_type_id, natural_gift_power, growth_time, max_harvest, size, smoothness, soil_dryness) VALUES
                                                                                                                                                                                    (1, 'Cheri Berry', 'Baie Ceriz', 3, 2, 10, 60, 3, 5, 20, 25, 15),
                                                                                                                                                                                    (2, 'Chesto Berry', 'Baie Maron', 3, 5, 11, 60, 3, 5, 80, 25, 15),
                                                                                                                                                                                    (3, 'Pecha Berry', 'Baie Pêcha', 3, 1, 13, 60, 3, 5, 40, 25, 15),
                                                                                                                                                                                    (4, 'Rawst Berry', 'Baie Fraive', 3, 3, 12, 60, 3, 5, 32, 25, 15),
                                                                                                                                                                                    (5, 'Aspear Berry', 'Baie Willia', 3, 5, 15, 60, 3, 5, 50, 25, 15),
                                                                                                                                                                                    (6, 'Leppa Berry', 'Baie Mepo', 3, 4, 2, 60, 4, 5, 28, 20, 15),
                                                                                                                                                                                    (7, 'Oran Berry', 'Baie Oran', 3, 5, 4, 60, 4, 5, 35, 20, 15),
                                                                                                                                                                                    (8, 'Persim Berry', 'Baie Kika', 3, 3, 5, 60, 4, 5, 47, 20, 15),
                                                                                                                                                                                    (9, 'Lum Berry', 'Baie Prine', 3, 5, 3, 60, 12, 5, 34, 20, 8),
                                                                                                                                                                                    (10, 'Sitrus Berry', 'Baie Sitrus', 3, 4, 14, 60, 8, 5, 95, 20, 7),
                                                                                                                                                                                    (11, 'Figy Berry', 'Baie Figuy', 3, 2, 7, 60, 5, 5, 100, 25, 10),
                                                                                                                                                                                    (12, 'Wiki Berry', 'Baie Wiki', 3, 3, 6, 60, 5, 5, 115, 25, 10),
                                                                                                                                                                                    (13, 'Mago Berry', 'Baie Mago', 3, 3, 8, 60, 5, 5, 126, 25, 10),
                                                                                                                                                                                    (14, 'Aguav Berry', 'Baie Gowav', 3, 5, 16, 60, 5, 5, 64, 25, 10),
                                                                                                                                                                                    (15, 'Iapapa Berry', 'Baie Papaya', 3, 2, 17, 60, 5, 5, 223, 25, 10),
                                                                                                                                                                                    (16, 'Razz Berry', 'Baie Framby', 3, 4, 9, 60, 2, 10, 120, 20, 35),
                                                                                                                                                                                    (17, 'Bluk Berry', 'Baie Remu', 3, 2, 10, 70, 2, 10, 108, 20, 35),
                                                                                                                                                                                    (18, 'Nanab Berry', 'Baie Nanab', 3, 4, 11, 70, 2, 10, 77, 20, 35),
                                                                                                                                                                                    (19, 'Wepear Berry', 'Baie Repoi', 3, 5, 13, 70, 2, 10, 74, 20, 35),
                                                                                                                                                                                    (20, 'Pinap Berry', 'Baie Nanana', 3, 3, 12, 70, 2, 10, 80, 20, 35),
                                                                                                                                                                                    (21, 'Pomeg Berry', 'Baie Grena', 3, 4, 15, 70, 8, 5, 135, 20, 8),
                                                                                                                                                                                    (22, 'Kelpsy Berry', 'Baie Alga', 3, 3, 2, 70, 8, 5, 150, 20, 8),
                                                                                                                                                                                    (23, 'Qualot Berry', 'Baie Qualot', 3, 3, 4, 70, 8, 5, 110, 20, 8),
                                                                                                                                                                                    (24, 'Hondew Berry', 'Baie Lonme', 3, 3, 5, 70, 8, 5, 162, 20, 8),
                                                                                                                                                                                    (25, 'Grepa Berry', 'Baie Résin', 3, 2, 3, 70, 8, 5, 149, 20, 8),
                                                                                                                                                                                    (26, 'Tamato Berry', 'Baie Tamato', 3, 2, 14, 70, 8, 5, 200, 30, 8),
                                                                                                                                                                                    (27, 'Cornn Berry', 'Baie Siam', 3, 3, 7, 70, 6, 10, 75, 30, 10),
                                                                                                                                                                                    (28, 'Magost Berry', 'Baie Mangou', 3, 3, 6, 70, 6, 10, 140, 30, 10),
                                                                                                                                                                                    (29, 'Rabuta Berry', 'Baie Rabuta', 3, 2, 8, 70, 6, 10, 226, 30, 10),
                                                                                                                                                                                    (30, 'Nomel Berry', 'Baie Tronci', 3, 5, 16, 70, 6, 10, 285, 30, 10),
                                                                                                                                                                                    (31, 'Spelon Berry', 'Baie Kiwan', 3, 2, 17, 70, 15, 15, 133, 35, 8),
                                                                                                                                                                                    (32, 'Pamtre Berry', 'Baie Palma', 3, 1, 9, 70, 15, 15, 244, 35, 8),
                                                                                                                                                                                    (33, 'Watmel Berry', 'Baie Stekpa', 3, 2, 10, 80, 15, 15, 250, 35, 8),
                                                                                                                                                                                    (34, 'Durin Berry', 'Baie Durin', 3, 3, 11, 80, 15, 15, 280, 35, 8),
                                                                                                                                                                                    (35, 'Belue Berry', 'Baie Myrte', 3, 1, 13, 80, 15, 15, 300, 35, 8),
                                                                                                                                                                                    (53, 'Liechi Berry', 'Baie Lichii', 3, 4, 12, 80, 24, 5, 111, 40, 4),
                                                                                                                                                                                    (54, 'Ganlon Berry', 'Baie Lingan', 3, 4, 15, 80, 24, 5, 33, 40, 4),
                                                                                                                                                                                    (55, 'Salac Berry', 'Baie Sailak', 3, 4, 2, 80, 24, 5, 95, 40, 4),
                                                                                                                                                                                    (56, 'Petaya Berry', 'Baie Pitaye', 3, 4, 4, 80, 24, 5, 237, 40, 4),
                                                                                                                                                                                    (57, 'Apicot Berry', 'Baie Abriko', 3, 3, 5, 80, 24, 5, 75, 40, 4),
                                                                                                                                                                                    (58, 'Lansat Berry', 'Baie Lansat', 3, 2, 3, 80, 24, 5, 97, 50, 4),
                                                                                                                                                                                    (59, 'Starf Berry', 'Baie Frista', 3, 5, 14, 80, 24, 5, 153, 50, 4),
                                                                                                                                                                                    (60, 'Enigma Berry', 'Baie Enigma', 3, 3, 7, 80, 24, 5, 155, 60, 7),
                                                                                                                                                                                    (36, 'Occa Berry', 'Baie Chocco', 4, 5, 10, 60, 18, 5, 90, 30, 6),
                                                                                                                                                                                    (37, 'Passho Berry', 'Baie Pocpoc', 4, 2, 11, 60, 18, 5, 33, 30, 6),
                                                                                                                                                                                    (38, 'Wacan Berry', 'Baie Parma', 4, 1, 13, 60, 18, 5, 250, 30, 6),
                                                                                                                                                                                    (39, 'Rindo Berry', 'Baie Ratam', 4, 2, 12, 60, 18, 5, 156, 30, 6),
                                                                                                                                                                                    (40, 'Yache Berry', 'Baie Nanone', 4, 4, 15, 60, 18, 5, 135, 30, 6),
                                                                                                                                                                                    (41, 'Chople Berry', 'Baie Pomroz', 4, 2, 2, 60, 18, 5, 77, 30, 6),
                                                                                                                                                                                    (42, 'Kebia Berry', 'Baie Kébia', 4, 3, 4, 60, 18, 5, 90, 30, 6),
                                                                                                                                                                                    (43, 'Shuca Berry', 'Baie Jouca', 4, 2, 5, 60, 18, 5, 42, 30, 6),
                                                                                                                                                                                    (44, 'Coba Berry', 'Baie Cobaba', 4, 4, 3, 60, 18, 5, 278, 30, 6),
                                                                                                                                                                                    (45, 'Payapa Berry', 'Baie Yapap', 4, 2, 14, 60, 18, 5, 252, 30, 6),
                                                                                                                                                                                    (46, 'Tanga Berry', 'Baie Panga', 4, 1, 7, 60, 18, 5, 42, 35, 6),
                                                                                                                                                                                    (47, 'Charti Berry', 'Baie Charti', 4, 1, 6, 60, 18, 5, 28, 35, 6),
                                                                                                                                                                                    (48, 'Kasib Berry', 'Baie Sédra', 4, 3, 8, 60, 18, 5, 144, 35, 6),
                                                                                                                                                                                    (49, 'Haban Berry', 'Baie Fraigo', 4, 2, 16, 60, 18, 5, 23, 35, 6),
                                                                                                                                                                                    (50, 'Colbur Berry', 'Baie Lampou', 4, 5, 17, 60, 18, 5, 39, 35, 6),
                                                                                                                                                                                    (51, 'Babiri Berry', 'Baie Babiri', 4, 5, 9, 60, 18, 5, 265, 35, 6),
                                                                                                                                                                                    (52, 'Chilan Berry', 'Baie Zalis', 4, 1, 1, 60, 18, 5, 34, 35, 6),
                                                                                                                                                                                    (61, 'Micle Berry', 'Baie Micle', 4, 2, 6, 80, 24, 5, 41, 60, 7),
                                                                                                                                                                                    (62, 'Custap Berry', 'Baie Chérim', 4, 5, 8, 80, 24, 5, 267, 60, 7),
                                                                                                                                                                                    (63, 'Jaboca Berry', 'Baie Jaboca', 4, 2, 16, 80, 24, 5, 33, 60, 7),
                                                                                                                                                                                    (64, 'Rowap Berry', 'Baie Pommo', 4, 1, 17, 80, 24, 5, 52, 60, 7),
                                                                                                                                                                                    (65, 'Roseli Berry', 'no data', 6, null, null, null, null, null, null, null, null),
                                                                                                                                                                                    (66, 'Kee Berry', 'no data', 6, null, null, null, null, null, null, null, null),
                                                                                                                                                                                    (67, 'Maranga Berry', 'no data', 6, null, null, null, null, null, null, null, null),
                                                                                                                                                                                    (68, 'Silver Razz Berry', 'no data', 7, null, null, null, null, null, null, null, null),
                                                                                                                                                                                    (69, 'Golden Razz Berry', 'no data', 7, null, null, null, null, null, null, null, null),
                                                                                                                                                                                    (70, 'Silver Nanab Berry', 'no data', 7, null, null, null, null, null, null, null, null),
                                                                                                                                                                                    (71, 'Golden Nanab Berry', 'no data', 7, null, null, null, null, null, null, null, null),
                                                                                                                                                                                    (72, 'Silver Pinap Berry', 'no data', 7, null, null, null, null, null, null, null, null),
                                                                                                                                                                                    (73, 'Golden Pinap Berry', 'no data', 7, null, null, null, null, null, null, null, null);

INSERT INTO statistics(id, name_en, name_fr) VALUES
                                                 (1, 'HP', 'PV'),
                                                 (2, 'Attack', 'Attaque'),
                                                 (3, 'Defense', 'Défense'),
                                                 (4, 'Special Attack', 'Attaque Spéciale'),
                                                 (5, 'Special Defense', 'Défense Spéciale'),
                                                 (6, 'Speed', 'Vitesse');

INSERT INTO characteristic(id, stat_id, gene_modulo_5, description_en, description_fr) VALUES
                                                                                           (1, 1, 0, 'Loves to eat', 'Il adore manger'),
                                                                                           (2, 2, 0, 'Proud of its power', 'Il est fier de sa puissance'),
                                                                                           (3, 3, 0, 'Sturdy body', 'Il a un corps robuste'),
                                                                                           (4, 4, 0, 'Highly curious', 'Il est extrêmement curieux'),
                                                                                           (5, 5, 0, 'Strong willed', 'Il est très volontaire'),
                                                                                           (6, 6, 0, 'Likes to run', 'Il aime la vitesse'),
                                                                                           (7, 1, 1, 'Takes plenty of siestas', 'Il s’assoupit souvent'),
                                                                                           (8, 2, 1, 'Likes to thrash about', 'Il aime se démener'),
                                                                                           (9, 3, 1, 'Capable of taking hits', 'Il sait encaisser les coups'),
                                                                                           (10, 4, 1, 'Mischievous', 'Il est coquin'),
                                                                                           (11, 5, 1, 'Somewhat vain', 'Il est un peu vaniteux'),
                                                                                           (12, 6, 1, 'Alert to sounds', 'Il est attentif aux sons'),
                                                                                           (13, 1, 2, 'Nods off a lot', 'Il dort beaucoup'),
                                                                                           (14, 2, 2, 'A little quick tempered', 'Il est un peu coléreux'),
                                                                                           (15, 3, 2, 'Highly persistent', 'Il est très obstiné'),
                                                                                           (16, 4, 2, 'Thoroughly cunning', 'Il est très astucieux'),
                                                                                           (17, 5, 2, 'Strongly defiant', 'Il a l’esprit rebelle'),
                                                                                           (18, 6, 2, 'Impetuous and silly', 'Il est bête et impulsif'),
                                                                                           (19, 1, 3, 'Scatters things often', 'Il éparpille souvent les choses'),
                                                                                           (20, 2, 3, 'Likes to fight', 'Il aime combattre'),
                                                                                           (21, 3, 3, 'Good endurance', 'Il a une bonne endurance'),
                                                                                           (22, 4, 3, 'Often lost in thought', 'Il est souvent dans la lune'),
                                                                                           (23, 5, 3, 'Hates to lose', 'Il a horreur de perdre'),
                                                                                           (24, 6, 3, 'Somewhat of a clown', 'Il aime faire le pitre'),
                                                                                           (25, 1, 4, 'Likes to relax', 'Il aime se détendre'),
                                                                                           (26, 2, 4, 'Quick tempered', 'Il s’emporte facilement'),
                                                                                           (27, 3, 4, 'Good perseverance', 'Il est persévérant'),
                                                                                           (28, 4, 4, 'Very finicky', 'Il est très particulier'),
                                                                                           (29, 5, 4, 'Somewhat stubborn', 'Il est assez entêté'),
                                                                                           (30, 6, 4, 'Quick to flee', 'Il fuit rapidement');

INSERT INTO nature(id, name_en, name_fr, decreased_stat_id, increased_stat_id, hates_flavor_id, likes_flavor_id) VALUES
                                                                                                                     (1, 'Hardy', 'Hardi', 2, 2, 1, 1),
                                                                                                                     (2, 'Bold', 'Assuré', 2, 3, 1, 5),
                                                                                                                     (3, 'Modest', 'Modeste', 2, 4, 1, 2),
                                                                                                                     (4, 'Calm', 'Calme', 2, 5, 1, 4),
                                                                                                                     (5, 'Timid', 'Timide', 2, 6, 1, 3),
                                                                                                                     (6, 'Lonely', 'Solo', 3, 2, 5, 1),
                                                                                                                     (7, 'Docile', 'Docile', 3, 3, 5, 5),
                                                                                                                     (8, 'Mild', 'Doux', 3, 4, 5, 2),
                                                                                                                     (9, 'Gentle', 'Gentil', 3, 5, 5, 4),
                                                                                                                     (10, 'Hasty', 'Pressé', 3, 6, 5, 3),
                                                                                                                     (11, 'Adamant', 'Rigide', 4, 2, 2, 1),
                                                                                                                     (12, 'Impish', 'Malin', 4, 3, 2, 5),
                                                                                                                     (13, 'Bashful', 'Pudique', 4, 4, 2, 2),
                                                                                                                     (14, 'Careful', 'Prudent', 4, 5, 2, 4),
                                                                                                                     (15, 'Rash', 'Foufou', 4, 6, 2, 3),
                                                                                                                     (16, 'Jolly', 'Jovial', 5, 4, 4, 2),
                                                                                                                     (17, 'Naughty', 'Mauvais', 5, 2, 4, 1),
                                                                                                                     (18, 'Lax', 'Lâche', 5, 3, 4, 5),
                                                                                                                     (19, 'Quirky', 'Bizarre', 5, 5, 4, 4),
                                                                                                                     (20, 'Naive', 'Naïf', 5, 6, 4, 3),
                                                                                                                     (21, 'Brave', 'Brave', 6, 2, 3, 1),
                                                                                                                     (22, 'Relaxed', 'Relax', 6, 3, 3, 5),
                                                                                                                     (23, 'Quiet', 'Discret', 6, 4, 3, 2),
                                                                                                                     (24, 'Sassy', 'Malpoli', 6, 5, 3, 4),
                                                                                                                     (25, 'Serious', 'Sérieux', 6, 6, 3, 3);

