use `pokemon`;

INSERT INTO pokemon.Regions (id, name_fr, name_en, name_jp)VALUES
                                                              ( 1, 'Kanto', 'Kanto', 'カントー地方'),
                                                              ( 2, 'Johto', 'Johto', 'ジョウト地方'),
                                                              ( 3, 'Hoenn', 'Hoenn', 'ホウエン地方'),
                                                              ( 4, 'Sinnoh', 'Sinnoh', 'シンオウ地方'),
                                                              ( 5, 'Unys', 'Unys', 'アンノーン地方'),
                                                              ( 6, 'Kalos', 'Kalos', 'カロス地方'),
                                                              ( 7, 'Alola', 'Alola', 'アローラ地方'),
                                                              ( 8, 'Galar', 'Galar', 'ガラル地方'),
                                                              ( 9, 'Hisui', 'Hisui', 'ヒスイ地方'),
                                                              ( 10, 'Paldea', 'Paldea', 'パルデア地方');

INSERT INTO pokemon.Generations (id, main_region_id, release_date)VALUES
                              ( 1, 1, '1996-02-27'),
                              ( 2, 2, '1999-04-01'),
                              ( 3, 3, '2002-04-26'),
                              ( 4, 4, '2006-04-28'),
                              ( 5, 5, '2010-09-18'),
                              ( 6, 6, '2013-11-18'),
                              ( 7, 7, '2016-11-18'),
                              ( 8, 8, '2019-11-15'),
                              ( 9, 9, '2022-11-15');

INSERT INTO pokemon.Games (id, generation_id, region_id, name_fr, name_en, name_jp ,platform, realease_date) VALUES
    (1, 1, 1, 'Pokémon Rouge', 'Pokémon Red', 'ポケットモンスター赤', 'GB', '1996-02-27'),
    (2, 1, 1, 'Pokémon Bleu', 'Pokémon Blue', 'ポケットモンスター青', 'GB', '1996-02-27'),
    (3, 1, 1, 'Pokémon Jaune', 'Pokémon Yellow', 'ポケットモンスター黄', 'GB', '1998-10-18'),

    (4, 2, 2, 'Pokémon Or', 'Pokémon Gold', 'ポケットモンスター金', 'GBA', '2000-09-14'),
    (5, 2, 2, 'Pokémon Argent', 'Pokémon Silver', 'ポケットモンスター銀', 'GBA', '2000-09-14'),
    (6, 2, 2, 'Pokémon Cristal', 'Pokémon Crystal', 'ポケットモンスタークリスタル', 'GBA', '2001-02-27'),

    (7, 3, 1, 'Pokémon Rouge Feu', 'Pokémon FireRed', 'ポケットモンスターファイアレッド', 'GBA', '2004-03-04'),
    (8, 3, 1, 'Pokémon Vert Feuille', 'Pokémon LeafGreen', 'ポケットモンスターリーフグリーン', 'GBA', '2004-03-04'),
    (9, 3, 3, 'Pokémon Rubis', 'Pokémon Ruby', 'ポケットモンスタールビィ', 'GBA', '2003-03-21'),
    (10, 3, 3, 'Pokémon Saphir', 'Pokémon Sapphire', 'ポケットモンスターサファイア', 'GBA', '2003-03-21'),
    (11, 3, 3, 'Pokémon Émeraude', 'Pokémon Emerald', 'ポケットモンスターエメラルド', 'GBA', '2005-05-01'),

    (12, 4, 4, 'Pokémon Diamant', 'Pokémon Diamond', 'ポケットモンスターダイヤモンド', 'NDS', '2006-09-28'),
    (13, 4, 4, 'Pokémon Perle', 'Pokémon Pearl', 'ポケットモンスターパール', 'NDS', '2006-09-28'),
    (14, 4, 4, 'Pokémon Platine', 'Pokémon Platinum', 'ポケットモンスタープラチナ', 'NDS', '2008-09-13'),
    (15, 4, 2, 'Pokémon Or HeartGold', 'Pokémon HeartGold', 'ポケットモンスターハートゴールド', 'NDS', '2010-09-12'),
    (16, 4, 2, 'Pokémon Argent SoulSilver', 'Pokémon SoulSilver', 'ポケットモンスターソウルシルバー', 'NDS', '2010-09-12'),

    (17, 5, 5, 'Pokémon Noir', 'Pokémon Black', 'ポケットモンスターブラック', 'NDS', '2010-06-23'),
    (18, 5, 5, 'Pokémon Blanc', 'Pokémon White', 'ポケットモンスターホワイト', 'NDS', '2010-06-23'),
    (19, 5, 5, 'Pokémon Noir 2', 'Pokémon Black 2', 'ポケットモンスターブラック2', 'NDS', '2012-06-23'),
    (20, 5, 5, 'Pokémon Blanc 2', 'Pokémon White 2', 'ポケットモンスターホワイト2', 'NDS', '2012-06-23'),

    (21, 6, 6, 'Pokémon X', 'Pokémon X', 'ポケットモンスターX', '3DS', '2013-10-12'),
    (22, 6, 6, 'Pokémon Y', 'Pokémon Y', 'ポケットモンスターY', '3DS', '2013-10-12'),
    (23, 6, 3, 'Pokémon Rubis Oméga', 'Pokémon Omega Ruby', 'ポケットモンスターマスターオメガルビー', '3DS', '2014-11-21'),
    (24, 6, 3, 'Pokémon Saphir Alpha', 'Pokémon Alpha Sapphire', 'ポケットモンスターマスターアルファサファイア', '3DS', '2014-11-21'),

    (25, 7, 7, 'Pokémon Soleil', 'Pokémon Sun', 'ポケットモンスターサン', '3DS', '2016-11-18'),
    (26, 7, 7, 'Pokémon Lune', 'Pokémon Moon', 'ポケットモンスタームーン', '3DS', '2016-11-18'),
    (27, 7, 7, 'Pokémon Ultra Soleil', 'Pokémon Ultra Sun', 'ポケットモンスターウルトラサン', '3DS', '2017-11-17'),
    (28, 7, 7, 'Pokémon Ultra Lune', 'Pokémon Ultra Moon', 'ポケットモンスターウルトラムーン', '3DS', '2017-11-17'),
    (29, 7, 1, 'Pokemon Lets go Evoli', 'Pokemon Lets go Evoli', 'ポケットモンスターリーグ', 'Switch', '2018-11-16'),
    (30, 7, 1, 'Pokemon Lets go Pikachu', 'Pokemon Lets go Pikachu', 'ポケットモンスターリーグ', 'Switch', '2018-11-16'),

    (31, 8, 8, 'Pokémon Épée', 'Pokémon Sword', 'ポケットモンスターソード', 'Switch', '2019-11-15'),
    (32, 8, 8, 'Pokémon Bouclier', 'Pokémon Shield', 'ポケットモンスターシールド', 'Switch', '2019-11-15'),
    (33, 8, 4, 'Pokémon Diamant Étincelant', 'Pokémon Brilliant Diamond', 'ポケットモンスターブリリアントダイヤモンド', 'Switch', '2021-11-19'),
    (34, 8, 4, 'Pokémon Perle Scintillante', 'Pokémon Shining Pearl', 'ポケットモンスターシャイニングパール', 'Switch', '2021-11-19'),
    (35, 8, 9, 'Légendes Pokémon : Arceus', 'Pokémon Legends: Arceus', 'ポケットモンスターレジェンズアルセウス', 'Switch', '2021-01-28'),

    (36, 9, 10, 'Pokémon Écarlate', 'Pokémon Scarlet', 'ポケットモンスター スカーレット', 'Switch', '2022-11-18'),
    (37, 9, 10, 'Pokémon Violet', 'Pokémon Violet', 'ポケットモンスター バイオレット', 'Switch', '2022-11-18');

INSERT INTO pokemon.Types (id, name_fr, name_en, name_jp) VALUES

(1, 'Acier', 'Steel', 'はがねタイプ'),
(2, 'Combat', 'Fighting', 'かくとうタイプ'),
(3, 'Dragon', 'Dragon', 'ドラゴンタイプ'),
(4, 'Eau', 'Water', 'みずタイプ'),
(5, 'Électrique', 'Electric', 'でんきタイプ'),
(6, 'Fée', 'Fairy', 'フェアリータイプ'),
(7, 'Feu', 'Fire', 'ほのおタイプ'),
(8, 'Glace', 'Ice', 'こおりタイプ'),
(9, 'Insecte', 'Bug', 'むしタイプ'),
(10, 'Normal', 'Normal', 'ノーマルタイプ'),
(11, 'Plante', 'Grass', 'くさタイプ'),
(12, 'Poison', 'Poison', 'どくタイプ'),
(13, 'Psy', 'Psychic', 'エスパータイプ'),
(14, 'Roche', 'Rock', 'いわタイプ'),
(15, 'Sol', 'Ground', 'じめんタイプ'),
(16, 'Spectre', 'Ghost', 'ゴーストタイプ'),
(17, 'Ténèbres', 'Dark', 'あくタイプ'),
(18, 'Vol', 'Flying', 'ひこうタイプ');

INSERT INTO pokemon.typeseffectiveness ( attack_type_id, target_type_id, effectiveness_g1, effectiveness_g2, effectiveness_g6) VALUES
-- Acier
(1,1,null,0.5,0.5),(1,2,null,1,1),(1,3,null,1,1),(1,4,null,0.5,0.5),(1,5,null,0.5,0.5),(1,6,null,null,2),(1,7,null,0.5,0.5),(1,8,null,2,2),(1,9,null,1,1),(1,10,null,1,1),(1,11,null,1,1),(1,12,null,1,1),(1,13,null,1,1),(1,14,null,2,2),(1,15,null,1,1),(1,16,null,1,1),(1,17,null,1,1),
-- Combat
(1,18,null,1,1),(2,1,null,2,2),(2,2,1,1,1),(2,3,1,1,1),(2,4,1,1,1),(2,5,1,1,1),(2,6,null,null,0.5),(2,7,1,1,1),(2,8,2,2,2),(2,9,0.5,0.5,0.5),(2,10,2,2,2),(2,11,1,1,1),(2,12,0.5,0.5,0.5),(2,13,0.5,0.5,0.5),(2,14,2,2,2),(2,15,1,1,1),(2,16,0,0,0),(2,17,null,0.5,0.5),(2,18,0.5,0.5,0.5),(3,1,null,0.5,0.5),
-- Dragon
(3,2,1,1,1),(3,3,2,2,2),(3,4,1,1,1),(3,5,1,1,1),(3,6,null,null,0),(3,7,1,1,1),(3,8,1,1,1),(3,9,1,1,1),(3,10,1,1,1),(3,11,1,1,1),(3,12,1,1,1),(3,13,1,1,1),(3,14,1,1,1),(3,15,1,1,1),(3,16,1,1,1),(3,17,null,1,1),(3,18,1,1,1),
-- Eau
(4,1,null,1,1),(4,2,1,1,1),(4,3,0.5,0.5,0.5),(4,4,0.5,0.5,0.5),(4,5,1,1,1),(4,6,null,null,1),(4,7,2,2,2),(4,8,1,1,1),(4,9,1,1,1),(4,10,1,1,1),(4,11,0.5,0.5,0.5),(4,12,1,1,1),(4,13,1,1,1),(4,14,2,2,2),(4,15,2,2,2),(4,16,1,1,1),(4,17,null,1,1),(4,18,1,1,1),
-- Électrique
(5,1,null,1,1),(5,2,1,1,1),(5,3,0.5,0.5,0.5),(5,4,2,2,2),(5,5,0.5,0.5,0.5),(5,6,null,null,1),(5,7,1,1,1),(5,8,1,1,1),(5,9,1,1,1),(5,10,1,1,1),(5,11,0.5,0.5,0.5),(5,12,1,1,1),(5,13,1,1,1),(5,14,1,1,1),(5,15,0,0,0),(5,16,1,1,1),(5,17,null,2,2),(5,18,2,2,2),
-- Fée
(6,1,null,null,0.5),(6,2,null,null,2),(6,3,null,null,2),(6,4,null,null,1),(6,5,null,null,1),(6,6,null,null,1),(6,7,null,null,0.5),(6,8,null,null,1),(6,9,null,null,1),(6,10,null,null,1),(6,11,null,null,1),(6,12,null,null,0.5),(6,13,null,null,1),(6,14,null,null,1),(6,15,null,null,1),(6,16,null,null,1),(6,17,null,null,2),(6,18,null,null,1),
-- Feu
(7,1,null,2,2),(7,2,1,1,1),(7,3,0.5,0.5,0.5),(7,4,0.5,0.5,0.5),(7,5,1,1,1),(7,6,null,null,1),(7,7,0.5,0.5,0.5),(7,8,2,2,2),(7,9,2,2,2),(7,10,1,1,1),(7,11,2,2,2),(7,12,1,1,1),(7,13,1,1,1),(7,14,2,2,2),(7,15,1,1,1),(7,16,1,1,1),(7,17,null,1,1),(7,18,1,1,1),
-- Glace
(8,1,null,5,5),(8,2,1,1,1),(8,3,2,2,2),(8,4,0.5,0.5,0.5),(8,5,1,1,1),(8,6,null,null,1),(8,7,1,0.5,0.5),(8,8,0.5,0.5,0.5),(8,9,1,1,1),(8,10,1,1,1),(8,11,2,2,2),(8,12,1,1,1),(8,13,1,1,1),(8,14,1,1,1),(8,15,2,2,2),(8,16,1,1,1),(8,17,null,2,2),(8,18,2,2,2),
-- Insecte
(9,1,null,0.5,0.5),(9,2,0.5,0.5,0.5),(9,3,1,1,1),(9,4,1,1,1),(9,5,1,1,1),(9,6,null,null,0.5),(9,7,0.5,0.5,0.5),(9,8,1,1,1),(9,9,1,1,1),(9,10,1,1,1),(9,11,2,2,2),(9,12,2,0.5,0.5),(9,13,2,2,2),(9,14,1,1,1),(9,15,1,1,1),(9,16,0.5,0.5,0.5),(9,17,null,0.5,0.5),(9,18,0.5,0.5,0.5),
-- Normal
(10,1,null,0.5,0.5),(10,2,1,1,1),(10,3,1,1,1),(10,4,1,1,1),(10,5,1,1,1),(10,6,null,null,1),(10,7,1,1,1),(10,8,1,1,1),(10,9,1,1,1),(10,10,1,1,1),(10,11,1,1,1),(10,12,1,1,1),(10,13,1,1,1),(10,14,0.5,0.5,0.5),(10,15,1,1,1),(10,16,0,0,0),(10,17,null,1,1),(10,18,1,1,1),
-- Plante
(11,1,null,0.5,0.5),(11,2,1,1,1),(11,3,0.5,0.5,0.5),(11,4,2,2,2),(11,5,1,1,1),(11,6,null,null,1),(11,7,0.5,0.5,0.5),(11,8,1,1,1),(11,9,0.5,0.5,0.5),(11,10,1,1,1),(11,11,0.5,0.5,0.5),(11,12,0.5,0.5,0.5),(11,13,1,1,1),(11,14,2,2,2),(11,15,2,2,2),(11,16,1,1,1),(11,17,null,0.5,0.5),(11,18,0.5,0.5,0.5),
-- Poison
(12,1,null,0,0),(12,2,1,1,1),(12,3,1,1,1),(12,4,1,1,1),(12,5,1,1,1),(12,6,null,null,2),(12,7,1,1,1),(12,8,1,1,1),(12,9,2,1,1),(12,10,1,1,1),(12,11,2,2,2),(12,12,0.5,0.5,0.5),(12,13,1,1,1),(12,14,0.5,0.5,0.5),(12,15,0.5,0.5,0.5),(12,16,0.5,0.5,0.5),(12,17,null,1,1),(12,18,1,1,1),
-- Psy
(13,1,null,0.5,0.5),(13,2,2,2,2),(13,3,1,1,1),(13,4,1,1,1),(13,5,1,1,1),(13,6,null,null,1),(13,7,1,1,1),(13,8,1,1,1),(13,9,1,1,1),(13,10,1,1,1),(13,11,1,1,1),(13,12,2,2,2),(13,13,0.5,0.5,0.5),(13,14,1,1,1),(13,15,1,1,1),(13,16,1,1,1),(13,17,null,1,1),(13,18,1,1,1),
-- Roche
(14,1,null,0.5,0.5),(14,2,0.5,0.5,0.5),(14,3,1,1,1),(14,4,1,1,1),(14,5,1,1,1),(14,6,null,null,1),(14,7,2,2,2),(14,8,2,2,2),(14,9,2,2,2),(14,10,1,1,1),(14,11,1,1,1),(14,12,1,1,1),(14,13,1,1,1),(14,14,1,1,1),(14,15,0.5,0.5,0.5),(14,16,1,1,1),(14,17,null,2,2),(14,18,2,2,2),
-- Sol
(15,1,null,2,2),(15,2,1,1,1),(15,3,1,1,1),(15,4,1,1,1),(15,5,2,2,2),(15,6,null,null,1),(15,7,2,2,2),(15,8,1,1,1),(15,9,0.5,0.5,0.5),(15,10,1,1,1),(15,11,0.5,0.5,0.5),(15,12,2,2,2),(15,13,1,1,1),(15,14,2,2,2),(15,15,1,1,1),(15,16,1,1,1),(15,17,null,0,0),(15,18,0,0,0),
-- Spectre
(16,1,null,0.5,1),(16,2,1,1,1),(16,3,1,1,1),(16,4,1,1,1),(16,5,1,1,1),(16,6,null,null,1),(16,7,1,1,1),(16,8,1,1,1),(16,9,1,1,1),(16,10,0,0,0),(16,11,1,1,1),(16,12,1,1,1),(16,13,0,2,2),(16,14,1,1,1),(16,15,1,1,1),(16,16,2,2,2),(16,17,null,1,1),(16,18,1,1,1),
-- Ténèbre
(17,1,null,0.5,1),(17,2,null,0.5,0.5),(17,3,null,1,1),(17,4,null,1,1),(17,5,null,1,1),(17,6,null,null,0.5),(17,7,null,1,1),(17,8,null,1,1),(17,9,null,1,1),(17,10,null,1,1),(17,11,null,1,1),(17,12,null,1,1),(17,13,null,2,2),(17,14,null,1,1),(17,15,null,1,1),(17,16,null,2,2),(17,17,null,0.5,0.5),(17,18,null,1,1),
-- Vol
(18,1,null,0.5,0.5),(18,2,2,2,2),(18,3,1,1,1),(18,4,1,1,1),(18,5,0.5,0.5,0.5),(18,6,null,null,1),(18,7,1,1,1),(18,8,1,1,1),(18,9,2,2,2),(18,10,1,1,1),(18,11,2,2,2),(18,12,1,1,1),(18,13,1,1,1),(18,14,0.5,0.5,0.5),(18,15,1,1,1),(18,16,1,1,1),(18,17,null,1,1),(18,18,1,1,1);
