use `pokemon`;

INSERT INTO pokemon.Regions (id, name_fr, name_en, name_jp)VALUES
                                                              ( 1, 'Kanto', 'Kanto', 'カントー地方'),
                                                              ( 2, 'Johto', 'Johto', 'ジョウト地方'),
                                                              ( 3, 'Hoenn', 'Hoenn', 'ホウエン地方'),
                                                              ( 4, 'Sinnoh', 'Sinnoh', 'シンオウ地方'),
                                                              ( 5, 'Unys', 'Unys', 'アンノーン地方'),
                                                              ( 6, 'Kalos', 'Kalos', 'カロス地方'),
                                                              ( 7, 'Alola', 'Alola', 'アローラ地方'),
                                                              ( 8, 'Galar', 'Galar', 'ガラル地方'),
                                                              ( 9, 'Hisui', 'Hisui', 'ヒスイ地方'),
                                                              ( 10, 'Paldea', 'Paldea', 'パルデア地方');

INSERT INTO pokemon.Games (id, generation, region_id, name_fr, name_en, name_jp ,platform, realease_date) VALUES
    (1, 1, 1, 'Pokémon Rouge', 'Pokémon Red', 'ポケットモンスター赤', 'GB', '1996-02-27'),
    (2, 1, 1, 'Pokémon Bleu', 'Pokémon Blue', 'ポケットモンスター青', 'GB', '1996-02-27'),
    (3, 1, 1, 'Pokémon Jaune', 'Pokémon Yellow', 'ポケットモンスター黄', 'GB', '1998-10-18'),

    (4, 2, 2, 'Pokémon Or', 'Pokémon Gold', 'ポケットモンスター金', 'GBA', '2000-09-14'),
    (5, 2, 2, 'Pokémon Argent', 'Pokémon Silver', 'ポケットモンスター銀', 'GBA', '2000-09-14'),
    (6, 2, 2, 'Pokémon Cristal', 'Pokémon Crystal', 'ポケットモンスタークリスタル', 'GBA', '2001-02-27'),

    (7, 3, 1, 'Pokémon Rouge Feu', 'Pokémon FireRed', 'ポケットモンスターファイアレッド', 'GBA', '2004-03-04'),
    (8, 3, 1, 'Pokémon Vert Feuille', 'Pokémon LeafGreen', 'ポケットモンスターリーフグリーン', 'GBA', '2004-03-04'),
    (9, 3, 3, 'Pokémon Rubis', 'Pokémon Ruby', 'ポケットモンスタールビィ', 'GBA', '2003-03-21'),
    (10, 3, 3, 'Pokémon Saphir', 'Pokémon Sapphire', 'ポケットモンスターサファイア', 'GBA', '2003-03-21'),
    (11, 3, 3, 'Pokémon Émeraude', 'Pokémon Emerald', 'ポケットモンスターエメラルド', 'GBA', '2005-05-01'),

    (12, 4, 4, 'Pokémon Diamant', 'Pokémon Diamond', 'ポケットモンスターダイヤモンド', 'NDS', '2006-09-28'),
    (13, 4, 4, 'Pokémon Perle', 'Pokémon Pearl', 'ポケットモンスターパール', 'NDS', '2006-09-28'),
    (14, 4, 4, 'Pokémon Platine', 'Pokémon Platinum', 'ポケットモンスタープラチナ', 'NDS', '2008-09-13'),
    (15, 4, 2, 'Pokémon Or HeartGold', 'Pokémon HeartGold', 'ポケットモンスターハートゴールド', 'NDS', '2010-09-12'),
    (16, 4, 2, 'Pokémon Argent SoulSilver', 'Pokémon SoulSilver', 'ポケットモンスターソウルシルバー', 'NDS', '2010-09-12'),

    (17, 5, 5, 'Pokémon Noir', 'Pokémon Black', 'ポケットモンスターブラック', 'NDS', '2010-06-23'),
    (18, 5, 5, 'Pokémon Blanc', 'Pokémon White', 'ポケットモンスターホワイト', 'NDS', '2010-06-23'),
    (19, 5, 5, 'Pokémon Noir 2', 'Pokémon Black 2', 'ポケットモンスターブラック2', 'NDS', '2012-06-23'),
    (20, 5, 5, 'Pokémon Blanc 2', 'Pokémon White 2', 'ポケットモンスターホワイト2', 'NDS', '2012-06-23'),

    (21, 6, 6, 'Pokémon X', 'Pokémon X', 'ポケットモンスターX', '3DS', '2013-10-12'),
    (22, 6, 6, 'Pokémon Y', 'Pokémon Y', 'ポケットモンスターY', '3DS', '2013-10-12'),
    (23, 6, 3, 'Pokémon Rubis Oméga', 'Pokémon Omega Ruby', 'ポケットモンスターマスターオメガルビー', '3DS', '2014-11-21'),
    (24, 6, 3, 'Pokémon Saphir Alpha', 'Pokémon Alpha Sapphire', 'ポケットモンスターマスターアルファサファイア', '3DS', '2014-11-21'),

    (25, 7, 7, 'Pokémon Soleil', 'Pokémon Sun', 'ポケットモンスターサン', '3DS', '2016-11-18'),
    (26, 7, 7, 'Pokémon Lune', 'Pokémon Moon', 'ポケットモンスタームーン', '3DS', '2016-11-18'),
    (27, 7, 7, 'Pokémon Ultra Soleil', 'Pokémon Ultra Sun', 'ポケットモンスターウルトラサン', '3DS', '2017-11-17'),
    (28, 7, 7, 'Pokémon Ultra Lune', 'Pokémon Ultra Moon', 'ポケットモンスターウルトラムーン', '3DS', '2017-11-17'),
    (29, 7, 1, 'Pokemon Lets go Evoli', 'Pokemon Lets go Evoli', 'ポケットモンスターリーグ', 'Switch', '2018-11-16'),
    (30, 7, 1, 'Pokemon Lets go Pikachu', 'Pokemon Lets go Pikachu', 'ポケットモンスターリーグ', 'Switch', '2018-11-16'),

    (31, 8, 8, 'Pokémon Épée', 'Pokémon Sword', 'ポケットモンスターソード', 'Switch', '2019-11-15'),
    (32, 8, 8, 'Pokémon Bouclier', 'Pokémon Shield', 'ポケットモンスターシールド', 'Switch', '2019-11-15'),
    (33, 8, 4, 'Pokémon Diamant Étincelant', 'Pokémon Brilliant Diamond', 'ポケットモンスターブリリアントダイヤモンド', 'Switch', '2021-11-19'),
    (34, 8, 4, 'Pokémon Perle Scintillante', 'Pokémon Shining Pearl', 'ポケットモンスターシャイニングパール', 'Switch', '2021-11-19'),
    (35, 8, 9, 'Légendes Pokémon : Arceus', 'Pokémon Legends: Arceus', 'ポケットモンスターレジェンズアルセウス', 'Switch', '2021-01-28'),

    (36, 9, 10, 'Pokémon Écarlate', 'Pokémon Scarlet', 'ポケットモンスター スカーレット', 'Switch', '2022-11-18'),
    (37, 9, 10, 'Pokémon Violet', 'Pokémon Violet', 'ポケットモンスター バイオレット', 'Switch', '2022-11-18');

INSERT INTO pokemon.Types (id, name_fr, name_en, name_jp) VALUES

(1, 'Acier', 'Steel', 'はがねタイプ'),
(2, 'Combat', 'Fighting', 'かくとうタイプ'),
(3, 'Dragon', 'Dragon', 'ドラゴンタイプ'),
(4, 'Eau', 'Water', 'みずタイプ'),
(5, 'Électrique', 'Electric', 'でんきタイプ'),
(6, 'Fée', 'Fairy', 'フェアリータイプ'),
(7, 'Feu', 'Fire', 'ほのおタイプ'),
(8, 'Glace', 'Ice', 'こおりタイプ'),
(9, 'Insecte', 'Bug', 'むしタイプ'),
(10, 'Normal', 'Normal', 'ノーマルタイプ'),
(11, 'Plante', 'Grass', 'くさタイプ'),
(12, 'Poison', 'Poison', 'どくタイプ'),
(13, 'Psy', 'Psychic', 'エスパータイプ'),
(14, 'Roche', 'Rock', 'いわタイプ'),
(15, 'Sol', 'Ground', 'じめんタイプ'),
(16, 'Spectre', 'Ghost', 'ゴーストタイプ'),
(17, 'Ténèbres', 'Dark', 'あくタイプ'),
(18, 'Vol', 'Flying', 'ひこうタイプ');

INSERT INTO pokemon.typeseffectiveness ( attack_type_id, target_type_id, effectiveness_g1, effectiveness_g2, effectiveness_g6) VALUES
-- Acier
(1,1,null,0.5,0.5),(1,2,null,1,1),(1,3,null,1,1),(1,4,null,0.5,0.5),(1,5,null,0.5,0.5),(1,6,null,null,2),(1,7,null,0.5,0.5),(1,8,null,2,2),(1,9,null,1,1),(1,10,null,1,1),(1,11,null,1,1),(1,12,null,1,1),(1,13,null,1,1),(1,14,null,2,2),(1,15,null,1,1),(1,16,null,1,1),(1,17,null,1,1),
-- Combat
(1,18,null,1,1),(2,1,null,2,2),(2,2,1,1,1),(2,3,1,1,1),(2,4,1,1,1),(2,5,1,1,1),(2,6,null,null,0.5),(2,7,1,1,1),(2,8,2,2,2),(2,9,0.5,0.5,0.5),(2,10,2,2,2),(2,11,1,1,1),(2,12,0.5,0.5,0.5),(2,13,0.5,0.5,0.5),(2,14,2,2,2),(2,15,1,1,1),(2,16,0,0,0),(2,17,null,0.5,0.5),(2,18,0.5,0.5,0.5),(3,1,null,0.5,0.5),
-- Dragon
(3,2,1,1,1),(3,3,2,2,2),(3,4,1,1,1),(3,5,1,1,1),(3,6,null,null,0),(3,7,1,1,1),(3,8,1,1,1),(3,9,1,1,1),(3,10,1,1,1),(3,11,1,1,1),(3,12,1,1,1),(3,13,1,1,1),(3,14,1,1,1),(3,15,1,1,1),(3,16,1,1,1),(3,17,null,1,1),(3,18,1,1,1),
-- Eau
(4,1,null,1,1),(4,2,1,1,1),(4,3,0.5,0.5,0.5),(4,4,0.5,0.5,0.5),(4,5,1,1,1),(4,6,null,null,1),(4,7,2,2,2),(4,8,1,1,1),(4,9,1,1,1),(4,10,1,1,1),(4,11,0.5,0.5,0.5),(4,12,1,1,1),(4,13,1,1,1),(4,14,2,2,2),(4,15,2,2,2),(4,16,1,1,1),(4,17,null,1,1),(4,18,1,1,1),
-- Électrique
(5,1,null,1,1),(5,2,1,1,1),(5,3,0.5,0.5,0.5),(5,4,2,2,2),(5,5,0.5,0.5,0.5),(5,6,null,null,1),(5,7,1,1,1),(5,8,1,1,1),(5,9,1,1,1),(5,10,1,1,1),(5,11,0.5,0.5,0.5),(5,12,1,1,1),(5,13,1,1,1),(5,14,1,1,1),(5,15,0,0,0),(5,16,1,1,1),(5,17,null,2,2),(5,18,2,2,2),
-- Fée
(6,1,null,null,0.5),(6,2,null,null,2),(6,3,null,null,2),(6,4,null,null,1),(6,5,null,null,1),(6,6,null,null,1),(6,7,null,null,0.5),(6,8,null,null,1),(6,9,null,null,1),(6,10,null,null,1),(6,11,null,null,1),(6,12,null,null,0.5),(6,13,null,null,1),(6,14,null,null,1),(6,15,null,null,1),(6,16,null,null,1),(6,17,null,null,2),(6,18,null,null,1),
-- Feu
(7,1,null,2,2),(7,2,1,1,1),(7,3,0.5,0.5,0.5),(7,4,0.5,0.5,0.5),(7,5,1,1,1),(7,6,null,null,1),(7,7,0.5,0.5,0.5),(7,8,2,2,2),(7,9,2,2,2),(7,10,1,1,1),(7,11,2,2,2),(7,12,1,1,1),(7,13,1,1,1),(7,14,2,2,2),(7,15,1,1,1),(7,16,1,1,1),(7,17,null,1,1),(7,18,1,1,1),
-- Glace
(8,1,null,5,5),(8,2,1,1,1),(8,3,2,2,2),(8,4,0.5,0.5,0.5),(8,5,1,1,1),(8,6,null,null,1),(8,7,1,0.5,0.5),(8,8,0.5,0.5,0.5),(8,9,1,1,1),(8,10,1,1,1),(8,11,2,2,2),(8,12,1,1,1),(8,13,1,1,1),(8,14,1,1,1),(8,15,2,2,2),(8,16,1,1,1),(8,17,null,2,2),(8,18,2,2,2),
-- Insecte
(9,1,null,0.5,0.5),(9,2,0.5,0.5,0.5),(9,3,1,1,1),(9,4,1,1,1),(9,5,1,1,1),(9,6,null,null,0.5),(9,7,0.5,0.5,0.5),(9,8,1,1,1),(9,9,1,1,1),(9,10,1,1,1),(9,11,2,2,2),(9,12,2,0.5,0.5),(9,13,2,2,2),(9,14,1,1,1),(9,15,1,1,1),(9,16,0.5,0.5,0.5),(9,17,null,0.5,0.5),(9,18,0.5,0.5,0.5),
-- Normal
(10,1,null,0.5,0.5),(10,2,1,1,1),(10,3,1,1,1),(10,4,1,1,1),(10,5,1,1,1),(10,6,null,null,1),(10,7,1,1,1),(10,8,1,1,1),(10,9,1,1,1),(10,10,1,1,1),(10,11,1,1,1),(10,12,1,1,1),(10,13,1,1,1),(10,14,0.5,0.5,0.5),(10,15,1,1,1),(10,16,0,0,0),(10,17,null,1,1),(10,18,1,1,1),
-- Plante
(11,1,null,0.5,0.5),(11,2,1,1,1),(11,3,0.5,0.5,0.5),(11,4,2,2,2),(11,5,1,1,1),(11,6,null,null,1),(11,7,0.5,0.5,0.5),(11,8,1,1,1),(11,9,0.5,0.5,0.5),(11,10,1,1,1),(11,11,0.5,0.5,0.5),(11,12,0.5,0.5,0.5),(11,13,1,1,1),(11,14,2,2,2),(11,15,2,2,2),(11,16,1,1,1),(11,17,null,0.5,0.5),(11,18,0.5,0.5,0.5),
-- Poison
(12,1,null,0,0),(12,2,1,1,1),(12,3,1,1,1),(12,4,1,1,1),(12,5,1,1,1),(12,6,null,null,2),(12,7,1,1,1),(12,8,1,1,1),(12,9,2,1,1),(12,10,1,1,1),(12,11,2,2,2),(12,12,0.5,0.5,0.5),(12,13,1,1,1),(12,14,0.5,0.5,0.5),(12,15,0.5,0.5,0.5),(12,16,0.5,0.5,0.5),(12,17,null,1,1),(12,18,1,1,1),
-- Psy
(13,1,null,0.5,0.5),(13,2,2,2,2),(13,3,1,1,1),(13,4,1,1,1),(13,5,1,1,1),(13,6,null,null,1),(13,7,1,1,1),(13,8,1,1,1),(13,9,1,1,1),(13,10,1,1,1),(13,11,1,1,1),(13,12,2,2,2),(13,13,0.5,0.5,0.5),(13,14,1,1,1),(13,15,1,1,1),(13,16,1,1,1),(13,17,null,1,1),(13,18,1,1,1),
-- Roche
(14,1,null,0.5,0.5),(14,2,0.5,0.5,0.5),(14,3,1,1,1),(14,4,1,1,1),(14,5,1,1,1),(14,6,null,null,1),(14,7,2,2,2),(14,8,2,2,2),(14,9,2,2,2),(14,10,1,1,1),(14,11,1,1,1),(14,12,1,1,1),(14,13,1,1,1),(14,14,1,1,1),(14,15,0.5,0.5,0.5),(14,16,1,1,1),(14,17,null,2,2),(14,18,2,2,2),
-- Sol
(15,1,null,2,2),(15,2,1,1,1),(15,3,1,1,1),(15,4,1,1,1),(15,5,2,2,2),(15,6,null,null,1),(15,7,2,2,2),(15,8,1,1,1),(15,9,0.5,0.5,0.5),(15,10,1,1,1),(15,11,0.5,0.5,0.5),(15,12,2,2,2),(15,13,1,1,1),(15,14,2,2,2),(15,15,1,1,1),(15,16,1,1,1),(15,17,null,0,0),(15,18,0,0,0),
-- Spectre
(16,1,null,0.5,1),(16,2,1,1,1),(16,3,1,1,1),(16,4,1,1,1),(16,5,1,1,1),(16,6,null,null,1),(16,7,1,1,1),(16,8,1,1,1),(16,9,1,1,1),(16,10,0,0,0),(16,11,1,1,1),(16,12,1,1,1),(16,13,0,2,2),(16,14,1,1,1),(16,15,1,1,1),(16,16,2,2,2),(16,17,null,1,1),(16,18,1,1,1),
-- Ténèbre
(17,1,null,0.5,1),(17,2,null,0.5,0.5),(17,3,null,1,1),(17,4,null,1,1),(17,5,null,1,1),(17,6,null,null,0.5),(17,7,null,1,1),(17,8,null,1,1),(17,9,null,1,1),(17,10,null,1,1),(17,11,null,1,1),(17,12,null,1,1),(17,13,null,2,2),(17,14,null,1,1),(17,15,null,1,1),(17,16,null,2,2),(17,17,null,0.5,0.5),(17,18,null,1,1),
-- Vol
(18,1,null,0.5,0.5),(18,2,2,2,2),(18,3,1,1,1),(18,4,1,1,1),(18,5,0.5,0.5,0.5),(18,6,null,null,1),(18,7,1,1,1),(18,8,1,1,1),(18,9,2,2,2),(18,10,1,1,1),(18,11,2,2,2),(18,12,1,1,1),(18,13,1,1,1),(18,14,0.5,0.5,0.5),(18,15,1,1,1),(18,16,1,1,1),(18,17,null,1,1),(18,18,1,1,1);

INSERT INTO pokemon.Statistics (id, name_fr, name_en, name_jp) VALUES
        (1, 'PV', 'PV', 'HP'),
        (2, 'Attaque', 'Attaque', '攻撃'),
        (3, 'Défense', 'Défense', '防御'),
        (4, 'Attaque Spé.', 'Attaque Spé.', '特攻'),
        (5, 'Défense Spé.', 'Défense Spé.', '特防'),
        (6, 'Vitesse', 'Vitesse', '素早さ');

INSERT INTO pokemon.EggGroup (id, name_fr, name_en, name_jp) VALUES

(1, 'Aérien', 'Flying', '空の'),
(2, 'Amorphe', 'Amorphous', '不定の'),
(3, 'Aquatique 1', 'Water 1', '水の'),
(4, 'Aquatique 2', 'Water 2', '水の'),
(5, 'Aquatique 3', 'Water 3', '水の'),
(6, 'Draconique', 'Dragon', '龍の'),
(7, 'Féerique', 'Fairy', '妖精の'),
(8, 'Humanoïde', 'Human-Like', '人型の'),
(9, 'Inconnu', 'Unknow', '不明の'),
(10, 'Insectoïde', 'Bug', '昆虫の'),
(11, 'Métamorph', 'Ditto', '変化の'),
(12, 'Minéral', 'Mineral', '岩の'),
(13, 'Monstrueux', 'Monster', 'モンスターの'),
(14, 'Terrestre', 'Field', '陸の'),
(15, 'Végétal', 'Grass', '草の'),
(16, 'Aucun', 'None', '飛行の');

INSERT INTO pokemon.Categorie (id, name_fr, name_en, name_jp) VALUES
        (1, 'Normal','', ''),
        (2, 'Starter', '', ''),
        (3, 'Légendaire', '', ''),
        (4, 'Fabuleux', '', ''),
        (5, 'Ultra-Chimère', '', ''),
        (6, 'Méga-évolution','',''),
        (7, 'Dominant', '', '');

INSERT INTO pokemon.Shapes(id, name_fr, name_en, name_jp) VALUES
        (1, 'Quadrupède', 'Quadruped', '四足の'),
        (2, 'Bipède', 'Biped', '二足の'),
        (3, 'Arachnide', 'Arachnid', '蜘蛛の'),
        (4, 'Serpentiforme', 'Serpentine', '蛇の'),
        (5, 'Insecte', 'Insect', '昆虫の'),
        (6, 'Poisson', 'Fish', '魚の');

INSERT INTO pokemon.NationalDex(national_dex_number, main_region_id, name_fr, name_en, name_jp, specie_fr, specie_en, specie_jp, category_id, type_1_id, type_2_id, height, weight, egg_group_id, step_to_hatch, capture_rate, shape_id) VALUES

    (1, 1, 'Bulbizare', 'Bulbasaur', 'フシギダネ', 'Graine', 'Seed', 'たねポケモン', 1, 12, 4, 0.7, 6.9, 15, 5355, 45, 1),
    (2, 1, 'Herbizarre', 'Ivysaur', 'フシギソウ', 'Graine', 'Seed', 'たねポケモン', 1, 12, 4, 1, 13, 15, 5355, 45, 1),
    (3, 1, 'Florizarre', 'Venusaur', 'フシギバナ', 'Graine', 'Seed', 'たねポケモン', 1, 12, 4, 2, 100, 15, 5355, 45, 1),
    (4, 1, 'Salamèche', 'Charmander', 'ヒトカゲ', 'Lézard', 'Lizard', 'ヒトカゲポケモン', 1, 10, null, 0.6, 8.5, 15, 5355, 45, 2),
    (5, 1, 'Reptincel', 'Charmeleon', 'リザード', 'Flamme', 'Flame', 'リザードポケモン', 1, 10, null, 1.1, 19, 15, 5355, 45, 2),
    (6, 1, 'Dracaufeu', 'Charizard', 'リザードン', 'Flamme', 'Flame', 'リザードンポケモン', 1, 10, 3, 1.7, 90.5, 15, 5355, 45, 2),
    (7, 1, 'Carapuce', 'Squirtle', 'ゼニガメ', 'Tortue', 'Turtle', 'カメールポケモン', 1, 11, null, 0.5, 9, 15, 5355, 45, 5),
    (8, 1, 'Carabaffe', 'Wartortle', 'カメール', 'Tortue', 'Turtle', 'カメールポケモン', 1, 11, null, 1, 22.5, 15, 5355, 45, 5),
    (9, 1, 'Tortank', 'Blastoise', 'カメックス', 'Canon', 'Shellfish', 'カメックスポケモン', 1, 11, null, 1.6, 85.5, 15, 5355, 45, 5),
    (10, 1, 'Chenipan', 'Caterpie', 'キャタピー', 'Chenipan', 'Worm', 'チョウチンポケモン', 1, 10, null, 0.3, 2.9, 10, 5355, 255, 5),
    (11, 1, 'Chrysacier', 'Metapod', 'トランセル', 'Chrysacier', 'Cocoon', 'カタツムリポケモン', 1, 10, null, 0.7, 9.9, 10, 5355, 120, 5),
    (12, 1, 'Papilusion', 'Butterfree', 'バタフリー', 'Papillon', 'Butterfly', 'バタフリーポケモン', 1, 10, 3, 1.1, 32, 10, 5355, 45, 5),
    (13, 1, 'Aspicot', 'Weedle', 'ビードル', 'Cocon', 'Hairy Bug', 'ハチミツポケモン', 1, 10, 4, 0.3, 3.2, 10, 5355, 255, 5),
    (14, 1, 'Coconfort', 'Kakuna', 'コクーン', 'Cocon', 'Cocoon', 'カタツムリポケモン', 1, 10, 4, 0.6, 10, 10, 5355, 120, 5),
    (15, 1, 'Dardargnan', 'Beedrill', 'スピアー', 'Aiguille', 'Poison Bee', 'ハチミツポケモン', 1, 10, 4, 1, 29.5, 10, 5355, 45, 5),
    (16, 1, 'Roucool', 'Pidgey', 'ポッポ', 'Petit Piaf', 'Tiny Bird', 'コケコッコー', 1, 1, 3, 0.3, 1.8, 5, 5355, 255, 2),
    (17, 1, 'Roucoups', 'Pidgeotto', 'ピジョン', 'Piaf', 'Bird', 'コケコッコー', 1, 1, 3, 1.1, 30, 5, 5355, 120, 2),
    (18, 1, 'Roucarnage', 'Pidgeot', 'ピジョット', 'Piaf', 'Bird', 'コケコッコー', 1, 1, 3, 1.5, 39.5, 5, 5355, 45, 2),
    (19, 1, 'Rattata', 'Rattata', 'コラッタ', 'Rat', 'Mouse', 'ミニポケモン', 1, 1, null, 0.3, 3.5, 5, 5355, 255, 2),
    (20, 1, 'Rattatac', 'Raticate', 'ラッタ', 'Rat', 'Mouse', 'ミニポケモン', 1, 1, null, 0.7, 18.5, 5, 5355, 127, 2),
    (21, 1, 'Piafabec', 'Spearow', 'オニスズメ', 'Pic', 'Tiny Bird', 'ハトポケモン', 1, 1, 3, 0.3, 2, 5, 5355, 255, 2),
    (22, 1, 'Rapasdepic', 'Fearow', 'オニドリル', 'Pic', 'Beak', 'ハトポケモン', 1, 1, 3, 1.2, 38, 5, 5355, 90, 2),
    (23, 1, 'Abo', 'Ekans', 'アーボ', 'Serpent', 'Snake', 'ヘビポケモン', 1, 4, null, 2, 6.9, 5, 5355, 255, 4),
    (24, 1, 'Arbok', 'Arbok', 'アーボック', 'Cobra', 'Cobra', 'ヘビポケモン', 1, 4, null, 3.5, 65, 5, 5355, 90, 4),
    (25, 1, 'Pikachu', 'Pikachu', 'ピカチュウ', 'Souris', 'Mouse', 'マウスポケモン', 1, 13, null, 0.4, 6, 5, 5355, 190, 2),
    (26, 1, 'Raichu', 'Raichu', 'ライチュウ', 'Souris', 'Mouse', 'マウスポケモン', 1, 13, null, 0.8, 30, 5, 5355, 75, 2),
    (27, 1, 'Sabelette', 'Sandshrew', 'サンド', 'Sable', 'Mouse', 'ミニポケモン', 1, 5, null, 0.6, 12, 5, 5355, 255, 2),
    (28, 1, 'Sablaireau', 'Sandslash', 'サンドパン', 'Sable', 'Mouse', 'ミニポケモン', 1, 5, null, 1, 29.5, 5, 5355, 90, 2);

INSERT INTO pokemon.Evolve( national_dex_number_id, evolve_to_id, evolve_method, evolve_level) VALUES

    (1, 2, 'level', 16),
    (2, 3, 'level', 36),
    (3, 4, 'level', 32),
    (4, 5, 'level', 32),
    (5, 6, 'level', 36),
    (6, 7, 'level', 16),
    (7, 8, 'level', 36),
    (8, 9, 'level', 36),
    (9, 10, 'level', 16),
    (10, 11, 'level', 7),
    (11, 12, 'level', 10),
    (12, 13, 'level', 16),
    (13, 14, 'level', 7),
    (14, 15, 'level', 10),
    (15, 16, 'level', 16),
    (16, 17, 'level', 18),
    (17, 18, 'level', 36),
    (18, 19, 'level', 16),
    (19, 20, 'level', 20),
    (20, 21, 'level', 16),
    (21, 22, 'level', 20),
    (22, 23, 'level', 16),
    (23, 24, 'level', 22),
    (24, 25, 'level', 16),
    (25, 26, 'level', 32),
    (26, 27, 'level', 16),
    (27, 28, 'level', 32);

INSERT INTO pokemon.GameSpecific(national_dex_id, game_id, regional_dex_number, hp, attack, defense, special_attack, special_defense, speed) VALUES
    (1, 1, 1, 45, 49, 49, 65, 65, 45),
    (2, 1, 2, 60, 62, 63, 80, 80, 60),
    (3, 1, 3, 80, 82, 83, 100, 100, 80),
    (4, 1, 4, 39, 52, 43, 60, 50, 65),
    (5, 1, 5, 58, 64, 58, 80, 65, 80),
    (6, 1, 6, 78, 84, 78, 109, 85, 100),
    (7, 1, 7, 44, 48, 65, 50, 64, 43),
    (8, 1, 8, 59, 63, 80, 65, 80, 58),
    (9, 1, 9, 79, 83, 100, 85, 105, 78),
    (10, 1, 10, 45, 30, 35, 20, 20, 45),
    (11, 1, 11, 50, 20, 55, 25, 25, 30),
    (12, 1, 12, 60, 45, 50, 90, 80, 70),
    (13, 1, 13, 40, 35, 30, 20, 20, 50),
    (14, 1, 14, 45, 25, 50, 25, 25, 35),
    (15, 1, 15, 65, 90, 40, 45, 80, 75),
    (16, 1, 16, 40, 45, 40, 35, 35, 56),
    (17, 1, 17, 63, 60, 55, 50, 50, 71);

