use pokeaenture;

INSERT INTO region(id, name_en, name_fr) VALUES

    (1, 'Kanto', 'Kanto'),
    (2, 'Johto', 'Johto'),
    (3, 'Hoenn', 'Hoenn'),
    (4, 'Sinnoh', 'Sinnoh'),
    (5, 'Unova', 'Unova'),
    (6, 'Kalos', 'Kalos'),
    (7, 'Alola', 'Alola'),
    (8, 'Galar', 'Galar'),
    (9, 'Hisui', 'Hisui'),
    (10, 'Paldea', 'Paldea');

INSERT INTO generation(id,main_region_id) VALUES

    (1,1),
    (2,2),
    (3,3),
    (4,4),
    (5,5),
    (6,6),
    (7,7),
    (8,8),
    (9,9);

INSERT INTO game_console(id, identifier, name_en, name_fr) VALUES

    (1, 'GB', 'Game Boy', 'Game Boy'),
    (2, 'GBC', 'Game Boy Color', 'Game Boy Color'),
    (3, 'GBA', 'Game Boy Advance', 'Game Boy Advance'),
    (4, 'N64', 'Nintendo 64', 'Nintendo 64'),
    (5, 'GC', 'GameCube', 'GameCube'),
    (6, 'NDS', 'Nintendo DS', 'Nintendo DS'),
    (7, '3DS', 'Nintendo 3DS', 'Nintendo 3DS'),
    (8, 'Wii', 'Wii', 'Wii'),
    (9, 'WiiU', 'Wii U', 'Wii U'),
    (10, 'Switch', 'Nintendo Switch', 'Nintendo Switch');

INSERT INTO version_group(id, identifier, generation_id, region_id, game_console_id, release_date) VALUES
        (1, 'red-blue', 1, 1, 1, '1996-02-27'),
        (2, 'yellow', 1, 1, 1, '1998-10-18'),
        (3, 'gold-silver', 2, 2, 3, '2000-09-14'),
        (4, 'crystal', 2, 2, 3, '2001-02-27'),
        (5, 'ruby-sapphire', 3, 3, 3, '2003-03-21'),
        (6, 'emerald', 3, 3, 3, '2005-05-01'),
        (7, 'firered-leafgreen', 3, 3, 3, '2004-03-04'),
        (8, 'diamond-pearl', 4, 4, 6, '2006-09-28'),
        (9, 'platinum', 4, 4, 6, '2008-03-22'),
        (10, 'heartgold-soulsilver', 2, 2, 5, '2009-03-14'),
        (11, 'black-white', 5, 5, 7, '2010-09-18'),
        (12, 'black-2-white-2', 5, 5, 7, '2012-06-23'),
        (13, 'x-y', 6, 6, 7, '2013-10-12'),
        (14, 'omega-ruby-alpha-sapphire', 3, 3, 7, '2014-11-21'),
        (15, 'sun-moon', 7, 7, 7, '2016-11-18'),
        (16, 'ultra-sun-ultra-moon', 7, 7, 7, '2017-11-17'),
        (17, 'lets-go-pikachu-lets-go-eevee', 7, 1, 10, '2018-11-16'),
        (18, 'sword-shield', 8, 8, 10, '2019-11-15'),
        (19, 'brilliant-diamond-and-shining-pearl', 8, 4, 10,  '2021-11-19'),
        (20, 'legends-arceus', 8, 9, 10,  '2022-01-28'),
        (21, 'scarlet-violet', 9, 10, 10, '2022-11-18');

INSERT INTO version (name_en, name_fr, version_group_id) VALUES
       ('Red', 'Rouge', 1),
       ('Blue', 'Bleu', 1),
       ('Yellow', 'Jaune', 2),
       ('Gold', 'Or', 3),
       ('Silver', 'Argent', 3),
       ('Crystal', 'Cristal', 4),
       ('Ruby', 'Rubis', 5),
       ('Sapphire', 'Saphir', 5),
       ('Emerald', 'Emeraude', 6),
       ('FireRed', 'Rouge Feu', 7),
       ('LeafGreen', 'Vert Feuille', 7),
       ('Diamond', 'Diamant', 8),
       ('Pearl', 'Perle', 8),
       ('Platinum', 'Platine', 9),
       ('HeartGold', 'Or Heart', 10),
       ('SoulSilver', 'Argent Heart', 10),
       ('Black', 'Noir', 11),
       ('White', 'Blanc', 11),
       ('Black 2', 'Noir 2', 12),
       ('White 2', 'Blanc 2', 12),
       ('X', 'X', 13),
       ('Y', 'Y', 13),
       ('Omega Ruby', 'Rubis Oméga', 14),
       ('Alpha Sapphire', 'Saphir Alpha', 14),
       ('Sun', 'Soleil', 15),
       ('Moon', 'Lune', 15),
       ('Ultra Sun', 'Ultra Soleil', 16),
       ('Ultra Moon', 'Ultra Lune', 16),
       ('Let’s Go Pikachu', 'Allons-y Pikachu', 17),
       ('Let’s Go Eevee', 'Allons-y Eevee', 17),
       ('Sword', 'Epée', 18),
       ('Shield', 'Bouclier', 18),
       ('Brilliant Diamond', 'Diamant Étincelant', 19),
       ('Shining Pearl', 'Perle Scintillante', 19),
       ('Legends Arceus', 'Légendes Arceus', 20),
       ('Scarlet', 'Écarlate', 21),
       ('Violet', ' Violet', 21);

INSERT INTO pokedex(id, region_id, name_en, name_fr, description_en, description_fr) VALUES
        (1, NULL, 'National', 'National', 'Entire National dex', 'Pokédex National complet'),
        (2, 1, 'Kanto', 'Kanto', 'Red/Blue/Yellow Kanto dex', 'Pokédex régional de Kanto dans Rouge/Bleu/Jaune'),
        (3, 2, 'Original Johto', 'Johto initial', 'Gold/Silver/Crystal Johto dex—called the New Pokédex in-game', 'Pokédex régional de Johto dans Or/Argent/Cristal, appellé Nouveau Pokédex dans le jeu'),
        (4, 3, 'Original Hoenn', 'Hoenn initial', 'Ruby/Sapphire/Emerald Hoenn dex', 'Pokédex régional d''Hoenn dans Rubis/Saphir/Émeraude'),
        (5, 4, 'Original Sinnoh', 'Sinnoh initial', 'Diamond/Pearl Sinnoh dex', 'Pokédex régional de Sinnoh dans Diamant/Perle'),
        (6, 4, 'Extended Sinnoh', 'Sinnoh étendu', 'Platinum Sinnoh dex—an extended version of Diamond and Pearl''s', ' Pokédex régional de Sinnoh dans Platine'),
        (7, 2, 'Updated Johto', 'Johto amélioré', 'HeartGold/SoulSilver Johto dex—Gold/Silver/Crystal''s, extended to add move-based Generation IV evolutions', ' Pokédex régional de Johto dans Or HeartGold/Argent SoulSilver, mis à jour pour la 4ème génération'),
        (8, 5, 'Original Unova', 'Unys initial', 'Black/White Unova dex', ' Pokédex régional d''Unys dans Noir/Blanc'),
        (9, 5, 'Updated Unova', 'Unys amélioré', 'Black 2/White 2 Unova dex', ' Pokédex régional d''Unys dans Noir 2/Blanc 2'),
        (10, 6, 'Central Kalos', 'Kalos : Centre', 'NO DATA', 'NO DATA'),
        (11, 6, 'Coastal Kalos', 'Kalos : Côtes', 'NO DATA', 'NO DATA'),
        (12, 6, 'Mountain Kalos', 'Kalos : Monts', 'NO DATA', 'NO DATA'),
        (13, 3, 'New Hoenn', 'Hoenn amélioré', 'Omega Ruby/Alpha Sapphire Hoenn Dex—Ruby/Sapphire/Emeralds, updated to add new evolutions', ' Pokédex régional Hoenn dans Rubis Oméga/Saphir Alpha, mis à jour pour les nouvelles évolutions'),
        (14, 7, 'Original Alola', 'Alola initial', 'Sun/Moon Alola dex', 'NO DATA'),
        (15, 7, 'Original Melemele', 'Melemele initial', 'Sun/Moon Melemele dex', 'NO DATA'),
        (16, 7, 'Original Akala', 'Akala initial', 'Sun/Moon Akala dex', 'NO DATA'),
        (17, 7, 'Original Ula''ula', 'Ula''ula initial', 'Sun/Moon Ula''ula dex', 'NO DATA'),
        (18, 7, 'Original Poni', 'Poni initial', 'Sun/Moon Poni dex', 'NO DATA'),
        (19, 7, 'Updated Alola', 'Alola amélioré', 'Ultra Sun/Ultra Moon Alola dex', 'NO DATA'),
        (20, 7, 'Updated Melemele', 'Melemele amélioré', 'Ultra Sun/Ultra Moon Melemele dex', 'NO DATA'),
        (21, 7, 'Updated Akala', 'Akala amélioré', 'Ultra Sun/Ultra Moon Akala dex', 'NO DATA'),
        (22, 7, 'Updated Ula''ula', 'Ula''ula amélioré', 'Ultra Sun/Ultra Moon Ula''ula dex', 'NO DATA'),
        (23, 7, 'Updated Poni', 'Poni amélioré', 'Ultra Sun/Ultra Moon Poni dex', 'NO DATA'),
        (24, 1, 'Let’s go Kanto', 'Let’s go Kanto','Let’s Go: Pikachu/Let’s Go: Eevee Kanto dex', 'Pokédex régional de Kanto dans Let’s Go: Pikachu/Let’s Go: Eevee'),
        (25, 8, 'Original Galar', 'Galar initial', 'Sword/Shield Galar dex', 'NO DATA'),
        (26, 4, 'Updated Sinnoh', 'Sinnoh amélioré', 'Brilliant Diamond/Shining pearl Sinnoh dex', 'NO DATA'),
        (27, 9, 'Original Arceus', 'Arceus initial', 'Legends Arceus Arceus dex', 'NO DATA'),
        (28, 10, 'Original paldea', 'Paldea initial', 'Scarlet/violet dex', 'NO DATA');

INSERT INTO pokedex_version_group(pokedex_id, version_group_id) VALUES
        (2, 1),
        (2, 2),
        (2, 7),
        (3, 3),
        (3, 4),
        (4, 5),
        (4, 6),
        (5, 8),
        (6, 9),
        (7, 10),
        (8, 11),
        (9, 12),
        (10, 13),
        (11, 13),
        (12, 13),
        (13, 14),
        (14, 15),
        (15, 15),
        (16, 15),
        (17, 15),
        (18, 15),
        (19, 16),
        (20, 16),
        (21, 16),
        (22, 16),
        (23, 16),
        (24, 17),
        (25, 18),
        (26, 19),
        (27, 20),
        (28, 21);

-- --------------------------
INSERT INTO statistics(id, name_en, name_fr) VALUES
    (1, 'HP', 'PV'),
    (2, 'Attack', 'Attaque'),
    (3, 'Defense', 'Défense'),
    (4, 'Special Attack', 'Attaque Spéciale'),
    (5, 'Special Defense', 'Défense Spéciale'),
    (6, 'Speed', 'Vitesse');

INSERT INTO characteristic(id, stat_id, gene_modulo_5, description_en, description_fr) VALUES
    (1, 1, 0, 'Loves to eat', 'Il adore manger'),
    (2, 2, 0, 'Proud of its power', 'Il est fier de sa puissance'),
    (3, 3, 0, 'Sturdy body', 'Il a un corps robuste'),
    (4, 4, 0, 'Highly curious', 'Il est extrêmement curieux'),
    (5, 5, 0, 'Strong willed', 'Il est très volontaire'),
    (6, 6, 0, 'Likes to run', 'Il aime la vitesse'),
    (7, 1, 1, 'Takes plenty of siestas', 'Il s’assoupit souvent'),
    (8, 2, 1, 'Likes to thrash about', 'Il aime se démener'),
    (9, 3, 1, 'Capable of taking hits', 'Il sait encaisser les coups'),
    (10, 4, 1, 'Mischievous', 'Il est coquin'),
    (11, 5, 1, 'Somewhat vain', 'Il est un peu vaniteux'),
    (12, 6, 1, 'Alert to sounds', 'Il est attentif aux sons'),
    (13, 1, 2, 'Nods off a lot', 'Il dort beaucoup'),
    (14, 2, 2, 'A little quick tempered', 'Il est un peu coléreux'),
    (15, 3, 2, 'Highly persistent', 'Il est très obstiné'),
    (16, 4, 2, 'Thoroughly cunning', 'Il est très astucieux'),
    (17, 5, 2, 'Strongly defiant', 'Il a l’esprit rebelle'),
    (18, 6, 2, 'Impetuous and silly', 'Il est bête et impulsif'),
    (19, 1, 3, 'Scatters things often', 'Il éparpille souvent les choses'),
    (20, 2, 3, 'Likes to fight', 'Il aime combattre'),
    (21, 3, 3, 'Good endurance', 'Il a une bonne endurance'),
    (22, 4, 3, 'Often lost in thought', 'Il est souvent dans la lune'),
    (23, 5, 3, 'Hates to lose', 'Il a horreur de perdre'),
    (24, 6, 3, 'Somewhat of a clown', 'Il aime faire le pitre'),
    (25, 1, 4, 'Likes to relax', 'Il aime se détendre'),
    (26, 2, 4, 'Quick tempered', 'Il s’emporte facilement'),
    (27, 3, 4, 'Good perseverance', 'Il est persévérant'),
    (28, 4, 4, 'Very finicky', 'Il est très particulier'),
    (29, 5, 4, 'Somewhat stubborn', 'Il est assez entêté'),
(30, 6, 4, 'Quick to flee', 'Il fuit rapidement');

INSERT INTO nature(id, name_en, name_fr, decreased_stat_id, increased_stat_id, hates_flavor_id, likes_flavor_id) VALUES
(1, 'Hardy', 'Hardi', 2, 2, 1, 1),
(2, 'Bold', 'Assuré', 2, 3, 1, 5),
(3, 'Modest', 'Modeste', 2, 4, 1, 2),
(4, 'Calm', 'Calme', 2, 5, 1, 4),
(5, 'Timid', 'Timide', 2, 6, 1, 3),
(6, 'Lonely', 'Solo', 3, 2, 5, 1),
(7, 'Docile', 'Docile', 3, 3, 5, 5),
(8, 'Mild', 'Doux', 3, 4, 5, 2),
(9, 'Gentle', 'Gentil', 3, 5, 5, 4),
(10, 'Hasty', 'Pressé', 3, 6, 5, 3),
(11, 'Adamant', 'Rigide', 4, 2, 2, 1),
(12, 'Impish', 'Malin', 4, 3, 2, 5),
(13, 'Bashful', 'Pudique', 4, 4, 2, 2),
(14, 'Careful', 'Prudent', 4, 5, 2, 4),
(15, 'Rash', 'Foufou', 4, 6, 2, 3),
(16, 'Jolly', 'Jovial', 5, 4, 4, 2),
(17, 'Naughty', 'Mauvais', 5, 2, 4, 1),
(18, 'Lax', 'Lâche', 5, 3, 4, 5),
(19, 'Quirky', 'Bizarre', 5, 5, 4, 4),
(20, 'Naive', 'Naïf', 5, 6, 4, 3),
(21, 'Brave', 'Brave', 6, 2, 3, 1),
(22, 'Relaxed', 'Relax', 6, 3, 3, 5),
(23, 'Quiet', 'Discret', 6, 4, 3, 2),
(24, 'Sassy', 'Malpoli', 6, 5, 3, 4),
(25, 'Serious', 'Sérieux', 6, 6, 3, 3);

INSERT INTO growth_rate(id, formula, description_en, description_fr) VALUES
 (1, '5x^3/4', 'slow', 'lente'),
 (2, 'x^3', 'medium', 'moyenne'),
 (3, '4x^3/5', 'fast', 'rapide'),
 (4, '6x^3/5 - 15x^2 + 100x - 140', 'parabolic', 'parabolique'),
 (5, '\begin{cases} \frac{ x^3 \left( 100 - x \right) }{50}, & \text{if } x \leq 50 \ \frac{ x^3 \left( 150 - x \right) }{100}, & \text{if } 50 < x \leq 68 \ \frac{ x^3 \left( 1274 + (x \bmod 3)^2 - 9 (x \bmod 3) - 20 \left\lfloor \frac{x}{3} \right\rfloor \right) }{1000}, & \text{if } 68 < x \leq 98 \ \frac{ x^3 \left( 160 - x \right) }{100}, & \text{if } x > 98 \ \end{cases}', 'erratic', 'erratique'),
 (6, '\begin{cases} \frac{ x^3 \left( 24 + \left\lfloor \frac{x+1}{3} \right\rfloor \right) }{50}, & \text{if } x \leq 15 \ \frac{ x^3 \left( 14 + x \right) }{50}, & \text{if } 15 < x \leq 35 \ \frac{ x^3 \left( 32 + \left\lfloor \frac{x}{2} \right\rfloor \right ) }{50}, & \text{if } x > 35 \ \end{cases}', 'fluctuating', 'fluctuante');

INSERT INTO experience (growth_rate_id, level, experience) VALUES
       (1, 1, 0), (1, 2, 10), (1, 3, 33), (1, 4, 80), (1, 5, 156), (1, 6, 270), (1, 7, 428), (1, 8, 640), (1, 9, 911), (1, 10, 1250), (1, 11, 1663), (1, 12, 2160), (1, 13, 2746), (1, 14, 3430), (1, 15, 4218), (1, 16, 5120), (1, 17, 6141), (1, 18, 7290), (1, 19, 8573), (1, 20, 10000), (1, 21, 11576), (1, 22, 13310), (1, 23, 15208), (1, 24, 17280), (1, 25, 19531), (1, 26, 21970), (1, 27, 24603), (1, 28, 27440), (1, 29, 30486), (1, 30, 33750), (1, 31, 37238), (1, 32, 40960), (1, 33, 44921), (1, 34, 49130), (1, 35, 53593), (1, 36, 58320), (1, 37, 63316), (1, 38, 68590), (1, 39, 74148), (1, 40, 80000), (1, 41, 86151), (1, 42, 92610), (1, 43, 99383), (1, 44, 106480), (1, 45, 113906), (1, 46, 121670), (1, 47, 129778), (1, 48, 138240), (1, 49, 147061),
       (1, 50, 156250), (1, 51, 165813), (1, 52, 175760), (1, 53, 186096), (1, 54, 196830), (1, 55, 207968), (1, 56, 219520), (1, 57, 231491), (1, 58, 243890), (1, 59, 256723), (1, 60, 270000), (1, 61, 283726), (1, 62, 297910), (1, 63, 312558), (1, 64, 327680), (1, 65, 343281), (1, 66, 359370), (1, 67, 375953), (1, 68, 393040), (1, 69, 410636), (1, 70, 428750), (1, 71, 447388), (1, 72, 466560), (1, 73, 486271), (1, 74, 506530), (1, 75, 527343), (1, 76, 548720), (1, 77, 570666), (1, 78, 593190), (1, 79, 616298), (1, 80, 640000), (1, 81, 664301), (1, 82, 689210), (1, 83, 714733), (1, 84, 740880), (1, 85, 767656), (1, 86, 795070), (1, 87, 823128), (1, 88, 851840), (1, 89, 881211), (1, 90, 911250), (1, 91, 941963), (1, 92, 973360), (1, 93, 1005446), (1, 94, 1038230), (1, 95, 1071718), (1, 96, 1105920), (1, 97, 1140841), (1, 98, 1176490), (1, 99, 1212873), (1, 100, 1250000),

       (2, 1, 0), (2, 2, 8), (2, 3, 27), (2, 4, 64), (2, 5, 125), (2, 6, 216), (2, 7, 343), (2, 8, 512), (2, 9, 729), (2, 10, 1000), (2, 11, 1331), (2, 12, 1728), (2, 13, 2197), (2, 14, 2744), (2, 15, 3375), (2, 16, 4096), (2, 17, 4913), (2, 18, 5832), (2, 19, 6859), (2, 20, 8000), (2, 21, 9261), (2, 22, 10648), (2, 23, 12167), (2, 24, 13824), (2, 25, 15625), (2, 26, 17576), (2, 27, 19683), (2, 28, 21952), (2, 29, 24389), (2, 30, 27000), (2, 31, 29791), (2, 32, 32768), (2, 33, 35937), (2, 34, 39304), (2, 35, 42875), (2, 36, 46656), (2, 37, 50653), (2, 38, 54872), (2, 39, 59319), (2, 40, 64000), (2, 41, 68921), (2, 42, 74088), (2, 43, 79507), (2, 44, 85184), (2, 45, 91125), (2, 46, 97336), (2, 47, 103823), (2, 48, 110592), (2, 49, 117649),
       (2, 50, 125000), (2, 51, 132651), (2, 52, 140608), (2, 53, 148877), (2, 54, 157464), (2, 55, 166375), (2, 56, 175616), (2, 57, 185193), (2, 58, 195112), (2, 59, 205379), (2, 60, 216000), (2, 61, 226981), (2, 62, 238328), (2, 63, 250047), (2, 64, 262144), (2, 65, 274625), (2, 66, 287496), (2, 67, 300763), (2, 68, 314432), (2, 69, 328509), (2, 70, 343000), (2, 71, 357911), (2, 72, 373248), (2, 73, 389017), (2, 74, 405224), (2, 75, 421875), (2, 76, 438976), (2, 77, 456533), (2, 78, 474552), (2, 79, 493039), (2, 80, 512000), (2, 81, 531441), (2, 82, 551368), (2, 83, 571787), (2, 84, 592704), (2, 85, 614125), (2, 86, 636056), (2, 87, 658503), (2, 88, 681472), (2, 89, 704969), (2, 90, 729000), (2, 91, 753571), (2, 92, 778688), (2, 93, 804357), (2, 94, 830584), (2, 95, 857375), (2, 96, 884736), (2, 97, 912673), (2, 98, 941192), (2, 99, 970299), (2, 100, 1000000),

       (3, 1, 0), (3, 2, 6), (3, 3, 21), (3, 4, 51), (3, 5, 100), (3, 6, 172), (3, 7, 274), (3, 8, 409), (3, 9, 583), (3, 10, 800), (3, 11, 1064), (3, 12, 1382), (3, 13, 1757), (3, 14, 2195), (3, 15, 2700), (3, 16, 3276), (3, 17, 3930), (3, 18, 4665), (3, 19, 5487), (3, 20, 6400), (3, 21, 7408), (3, 22, 8518), (3, 23, 9733), (3, 24, 11059), (3, 25, 12500), (3, 26, 14060), (3, 27, 15746), (3, 28, 17561), (3, 29, 19511), (3, 30, 21600), (3, 31, 23832), (3, 32, 26214), (3, 33, 28749), (3, 34, 31443), (3, 35, 34300), (3, 36, 37324), (3, 37, 40522), (3, 38, 43897), (3, 39, 47455), (3, 40, 51200), (3, 41, 55136), (3, 42, 59270), (3, 43, 63605), (3, 44, 68147), (3, 45, 72900), (3, 46, 77868), (3, 47, 83058), (3, 48, 88473), (3, 49, 94119),
       (3, 50, 100000), (3, 51, 106120), (3, 52, 112486), (3, 53, 119101), (3, 54, 125971), (3, 55, 133100), (3, 56, 140492), (3, 57, 148154), (3, 58, 156089), (3, 59, 164303), (3, 60, 172800), (3, 61, 181584), (3, 62, 190662), (3, 63, 200037), (3, 64, 209715), (3, 65, 219700), (3, 66, 229996), (3, 67, 240610), (3, 68, 251545), (3, 69, 262807), (3, 70, 274400), (3, 71, 286328), (3, 72, 298598), (3, 73, 311213), (3, 74, 324179), (3, 75, 337500), (3, 76, 351180), (3, 77, 365226), (3, 78, 379641), (3, 79, 394431), (3, 80, 409600), (3, 81, 425152), (3, 82, 441094), (3, 83, 457429), (3, 84, 474163), (3, 85, 491300), (3, 86, 508844), (3, 87, 526802), (3, 88, 545177), (3, 89, 563975), (3, 90, 583200), (3, 91, 602856), (3, 92, 622950), (3, 93, 643485), (3, 94, 664467), (3, 95, 685900), (3, 96, 707788), (3, 97, 730138), (3, 98, 752953), (3, 99, 776239), (3, 100, 800000),

       (4, 1, 0), (4, 2, 9), (4, 3, 57), (4, 4, 96), (4, 5, 135), (4, 6, 179), (4, 7, 236), (4, 8, 314), (4, 9, 419), (4, 10, 560), (4, 11, 742), (4, 12, 973), (4, 13, 1261), (4, 14, 1612), (4, 15, 2035), (4, 16, 2535), (4, 17, 3120), (4, 18, 3798), (4, 19, 4575), (4, 20, 5460), (4, 21, 6458), (4, 22, 7577), (4, 23, 8825), (4, 24, 10208), (4, 25, 11735), (4, 26, 13411), (4, 27, 15244), (4, 28, 17242), (4, 29, 19411), (4, 30, 21760), (4, 31, 24294), (4, 32, 27021), (4, 33, 29949), (4, 34, 33084), (4, 35, 36435), (4, 36, 40007), (4, 37, 43808), (4, 38, 47846), (4, 39, 52127), (4, 40, 56660), (4, 41, 61450), (4, 42, 66505), (4, 43, 71833), (4, 44, 77440), (4, 45, 83335), (4, 46, 89523), (4, 47, 96012), (4, 48, 102810), (4, 49, 109923),
       (4, 50, 117360), (4, 51, 125126), (4, 52, 133229), (4, 53, 141677), (4, 54, 150476), (4, 55, 159635), (4, 56, 169159), (4, 57, 179056), (4, 58, 189334), (4, 59, 199999), (4, 60, 211060), (4, 61, 222522), (4, 62, 234393), (4, 63, 246681), (4, 64, 259392), (4, 65, 272535), (4, 66, 286115), (4, 67, 300140), (4, 68, 314618), (4, 69, 329555), (4, 70, 344960), (4, 71, 360838), (4, 72, 377197), (4, 73, 394045), (4, 74, 411388), (4, 75, 429235), (4, 76, 447591), (4, 77, 466464), (4, 78, 485862), (4, 79, 505791), (4, 80, 526260), (4, 81, 547274), (4, 82, 568841), (4, 83, 590969), (4, 84, 613664), (4, 85, 636935), (4, 86, 660787), (4, 87, 685228), (4, 88, 710266), (4, 89, 735907), (4, 90, 762160), (4, 91, 789030), (4, 92, 816525), (4, 93, 844653), (4, 94, 873420), (4, 95, 902835), (4, 96, 932903), (4, 97, 963632), (4, 98, 995030), (4, 99, 1027103), (4, 100, 1059860),

       (5, 1, 0), (5, 2, 15), (5, 3, 52), (5, 4, 122), (5, 5, 237), (5, 6, 406), (5, 7, 637), (5, 8, 942), (5, 9, 1326), (5, 10, 1800), (5, 11, 2369), (5, 12, 3041), (5, 13, 3822), (5, 14, 4719), (5, 15, 5737), (5, 16, 6881), (5, 17, 8155), (5, 18, 9564), (5, 19, 11111), (5, 20, 12800), (5, 21, 14632), (5, 22, 16610), (5, 23, 18737), (5, 24, 21012), (5, 25, 23437), (5, 26, 26012), (5, 27, 28737), (5, 28, 31610), (5, 29, 34632), (5, 30, 37800), (5, 31, 41111), (5, 32, 44564), (5, 33, 48155), (5, 34, 51881), (5, 35, 55737), (5, 36, 59719), (5, 37, 63822), (5, 38, 68041), (5, 39, 72369), (5, 40, 76800), (5, 41, 81326), (5, 42, 85942), (5, 43, 90637), (5, 44, 95406), (5, 45, 100237), (5, 46, 105122), (5, 47, 110052), (5, 48, 115015), (5, 49, 120001),
       (5, 50, 125000), (5, 51, 131324), (5, 52, 137795), (5, 53, 144410), (5, 54, 151165), (5, 55, 158056), (5, 56, 165079), (5, 57, 172229), (5, 58, 179503), (5, 59, 186894), (5, 60, 194400), (5, 61, 202013), (5, 62, 209728), (5, 63, 217540), (5, 64, 225443), (5, 65, 233431), (5, 66, 241496), (5, 67, 249633), (5, 68, 257834), (5, 69, 267406), (5, 70, 276458), (5, 71, 286328), (5, 72, 296358), (5, 73, 305767), (5, 74, 316074), (5, 75, 326531), (5, 76, 336255), (5, 77, 346965), (5, 78, 357812), (5, 79, 367807), (5, 80, 378880), (5, 81, 390077), (5, 82, 400293), (5, 83, 411686), (5, 84, 423190), (5, 85, 433572), (5, 86, 445239), (5, 87, 457001), (5, 88, 467489), (5, 89, 479378), (5, 90, 491346), (5, 91, 501878), (5, 92, 513934), (5, 93, 526049), (5, 94, 536557), (5, 95, 548720), (5, 96, 560922), (5, 97, 571333), (5, 98, 583539), (5, 99, 591882), (5, 100, 600000),

       (6, 1, 0), (6, 2, 4), (6, 3, 13), (6, 4, 32), (6, 5, 65), (6, 6, 112), (6, 7, 178), (6, 8, 276), (6, 9, 393), (6, 10, 540), (6, 11, 745), (6, 12, 967), (6, 13, 1230), (6, 14, 1591), (6, 15, 1957), (6, 16, 2457), (6, 17, 3046), (6, 18, 3732), (6, 19, 4526), (6, 20, 5440), (6, 21, 6482), (6, 22, 7666), (6, 23, 9003), (6, 24, 10506), (6, 25, 12187), (6, 26, 14060), (6, 27, 16140), (6, 28, 18439), (6, 29, 20974), (6, 30, 23760), (6, 31, 26811), (6, 32, 30146), (6, 33, 33780), (6, 34, 37731), (6, 35, 42017), (6, 36, 46656), (6, 37, 50653), (6, 38, 55969), (6, 39, 60505), (6, 40, 66560), (6, 41, 71677), (6, 42, 78533), (6, 43, 84277), (6, 44, 91998), (6, 45, 98415), (6, 46, 107069), (6, 47, 114205), (6, 48, 123863), (6, 49, 131766),
       (6, 50, 142500), (6, 51, 151222), (6, 52, 163105), (6, 53, 172697), (6, 54, 185807), (6, 55, 196322), (6, 56, 210739), (6, 57, 222231), (6, 58, 238036), (6, 59, 250562), (6, 60, 267840), (6, 61, 281456), (6, 62, 300293), (6, 63, 315059), (6, 64, 335544), (6, 65, 351520), (6, 66, 373744), (6, 67, 390991), (6, 68, 415050), (6, 69, 433631), (6, 70, 459620), (6, 71, 479600), (6, 72, 507617), (6, 73, 529063), (6, 74, 559209), (6, 75, 582187), (6, 76, 614566), (6, 77, 639146), (6, 78, 673863), (6, 79, 700115), (6, 80, 737280), (6, 81, 765275), (6, 82, 804997), (6, 83, 834809), (6, 84, 877201), (6, 85, 908905), (6, 86, 954084), (6, 87, 987754), (6, 88, 1035837), (6, 89, 1071552), (6, 90, 1122660), (6, 91, 1160499), (6, 92, 1214753), (6, 93, 1254796), (6, 94, 1312322), (6, 95, 1354652), (6, 96, 1415577), (6, 97, 1460276), (6, 98, 1524731), (6, 99, 1571884), (6, 100, 1640000);

INSERT INTO type (id, name_fr, name_en) VALUES

                                                             (1, 'Acier', 'Steel'),
                                                             (2, 'Combat', 'Fighting'),
                                                             (3, 'Dragon', 'Dragon'),
                                                             (4, 'Eau', 'Water'),
                                                             (5, 'Électrique', 'Electric'),
                                                             (6, 'Fée', 'Fairy'),
                                                             (7, 'Feu', 'Fire'),
                                                             (8, 'Glace', 'Ice'),
                                                             (9, 'Insecte', 'Bug'),
                                                             (10, 'Normal', 'Normal'),
                                                             (11, 'Plante', 'Grass'),
                                                             (12, 'Poison', 'Poison'),
                                                             (13, 'Psy', 'Psychic'),
                                                             (14, 'Roche', 'Rock'),
                                                             (15, 'Sol', 'Ground'),
                                                             (16, 'Spectre', 'Ghost'),
                                                             (17, 'Ténèbres', 'Dark'),
                                                             (18, 'Vol', 'Flying');

INSERT INTO type_effectiveness ( attack_type_id, target_type_id, effectiveness_g1, effectiveness_g2, effectiveness_g6) VALUES
-- Acier
(1,1,null,0.5,0.5),(1,2,null,1,1),(1,3,null,1,1),(1,4,null,0.5,0.5),(1,5,null,0.5,0.5),(1,6,null,null,2),(1,7,null,0.5,0.5),(1,8,null,2,2),(1,9,null,1,1),(1,10,null,1,1),(1,11,null,1,1),(1,12,null,1,1),(1,13,null,1,1),(1,14,null,2,2),(1,15,null,1,1),(1,16,null,1,1),(1,17,null,1,1),
-- Combat
(1,18,null,1,1),(2,1,null,2,2),(2,2,1,1,1),(2,3,1,1,1),(2,4,1,1,1),(2,5,1,1,1),(2,6,null,null,0.5),(2,7,1,1,1),(2,8,2,2,2),(2,9,0.5,0.5,0.5),(2,10,2,2,2),(2,11,1,1,1),(2,12,0.5,0.5,0.5),(2,13,0.5,0.5,0.5),(2,14,2,2,2),(2,15,1,1,1),(2,16,0,0,0),(2,17,null,0.5,0.5),(2,18,0.5,0.5,0.5),(3,1,null,0.5,0.5),
-- Dragon
(3,2,1,1,1),(3,3,2,2,2),(3,4,1,1,1),(3,5,1,1,1),(3,6,null,null,0),(3,7,1,1,1),(3,8,1,1,1),(3,9,1,1,1),(3,10,1,1,1),(3,11,1,1,1),(3,12,1,1,1),(3,13,1,1,1),(3,14,1,1,1),(3,15,1,1,1),(3,16,1,1,1),(3,17,null,1,1),(3,18,1,1,1),
-- Eau
(4,1,null,1,1),(4,2,1,1,1),(4,3,0.5,0.5,0.5),(4,4,0.5,0.5,0.5),(4,5,1,1,1),(4,6,null,null,1),(4,7,2,2,2),(4,8,1,1,1),(4,9,1,1,1),(4,10,1,1,1),(4,11,0.5,0.5,0.5),(4,12,1,1,1),(4,13,1,1,1),(4,14,2,2,2),(4,15,2,2,2),(4,16,1,1,1),(4,17,null,1,1),(4,18,1,1,1),
-- Électrique
(5,1,null,1,1),(5,2,1,1,1),(5,3,0.5,0.5,0.5),(5,4,2,2,2),(5,5,0.5,0.5,0.5),(5,6,null,null,1),(5,7,1,1,1),(5,8,1,1,1),(5,9,1,1,1),(5,10,1,1,1),(5,11,0.5,0.5,0.5),(5,12,1,1,1),(5,13,1,1,1),(5,14,1,1,1),(5,15,0,0,0),(5,16,1,1,1),(5,17,null,2,2),(5,18,2,2,2),
-- Fée
(6,1,null,null,0.5),(6,2,null,null,2),(6,3,null,null,2),(6,4,null,null,1),(6,5,null,null,1),(6,6,null,null,1),(6,7,null,null,0.5),(6,8,null,null,1),(6,9,null,null,1),(6,10,null,null,1),(6,11,null,null,1),(6,12,null,null,0.5),(6,13,null,null,1),(6,14,null,null,1),(6,15,null,null,1),(6,16,null,null,1),(6,17,null,null,2),(6,18,null,null,1),
-- Feu
(7,1,null,2,2),(7,2,1,1,1),(7,3,0.5,0.5,0.5),(7,4,0.5,0.5,0.5),(7,5,1,1,1),(7,6,null,null,1),(7,7,0.5,0.5,0.5),(7,8,2,2,2),(7,9,2,2,2),(7,10,1,1,1),(7,11,2,2,2),(7,12,1,1,1),(7,13,1,1,1),(7,14,2,2,2),(7,15,1,1,1),(7,16,1,1,1),(7,17,null,1,1),(7,18,1,1,1),
-- Glace
(8,1,null,5,5),(8,2,1,1,1),(8,3,2,2,2),(8,4,0.5,0.5,0.5),(8,5,1,1,1),(8,6,null,null,1),(8,7,1,0.5,0.5),(8,8,0.5,0.5,0.5),(8,9,1,1,1),(8,10,1,1,1),(8,11,2,2,2),(8,12,1,1,1),(8,13,1,1,1),(8,14,1,1,1),(8,15,2,2,2),(8,16,1,1,1),(8,17,null,2,2),(8,18,2,2,2),
-- Insecte
(9,1,null,0.5,0.5),(9,2,0.5,0.5,0.5),(9,3,1,1,1),(9,4,1,1,1),(9,5,1,1,1),(9,6,null,null,0.5),(9,7,0.5,0.5,0.5),(9,8,1,1,1),(9,9,1,1,1),(9,10,1,1,1),(9,11,2,2,2),(9,12,2,0.5,0.5),(9,13,2,2,2),(9,14,1,1,1),(9,15,1,1,1),(9,16,0.5,0.5,0.5),(9,17,null,0.5,0.5),(9,18,0.5,0.5,0.5),
-- Normal
(10,1,null,0.5,0.5),(10,2,1,1,1),(10,3,1,1,1),(10,4,1,1,1),(10,5,1,1,1),(10,6,null,null,1),(10,7,1,1,1),(10,8,1,1,1),(10,9,1,1,1),(10,10,1,1,1),(10,11,1,1,1),(10,12,1,1,1),(10,13,1,1,1),(10,14,0.5,0.5,0.5),(10,15,1,1,1),(10,16,0,0,0),(10,17,null,1,1),(10,18,1,1,1),
-- Plante
(11,1,null,0.5,0.5),(11,2,1,1,1),(11,3,0.5,0.5,0.5),(11,4,2,2,2),(11,5,1,1,1),(11,6,null,null,1),(11,7,0.5,0.5,0.5),(11,8,1,1,1),(11,9,0.5,0.5,0.5),(11,10,1,1,1),(11,11,0.5,0.5,0.5),(11,12,0.5,0.5,0.5),(11,13,1,1,1),(11,14,2,2,2),(11,15,2,2,2),(11,16,1,1,1),(11,17,null,0.5,0.5),(11,18,0.5,0.5,0.5),
-- Poison
(12,1,null,0,0),(12,2,1,1,1),(12,3,1,1,1),(12,4,1,1,1),(12,5,1,1,1),(12,6,null,null,2),(12,7,1,1,1),(12,8,1,1,1),(12,9,2,1,1),(12,10,1,1,1),(12,11,2,2,2),(12,12,0.5,0.5,0.5),(12,13,1,1,1),(12,14,0.5,0.5,0.5),(12,15,0.5,0.5,0.5),(12,16,0.5,0.5,0.5),(12,17,null,1,1),(12,18,1,1,1),
-- Psy
(13,1,null,0.5,0.5),(13,2,2,2,2),(13,3,1,1,1),(13,4,1,1,1),(13,5,1,1,1),(13,6,null,null,1),(13,7,1,1,1),(13,8,1,1,1),(13,9,1,1,1),(13,10,1,1,1),(13,11,1,1,1),(13,12,2,2,2),(13,13,0.5,0.5,0.5),(13,14,1,1,1),(13,15,1,1,1),(13,16,1,1,1),(13,17,null,1,1),(13,18,1,1,1),
-- Roche
(14,1,null,0.5,0.5),(14,2,0.5,0.5,0.5),(14,3,1,1,1),(14,4,1,1,1),(14,5,1,1,1),(14,6,null,null,1),(14,7,2,2,2),(14,8,2,2,2),(14,9,2,2,2),(14,10,1,1,1),(14,11,1,1,1),(14,12,1,1,1),(14,13,1,1,1),(14,14,1,1,1),(14,15,0.5,0.5,0.5),(14,16,1,1,1),(14,17,null,2,2),(14,18,2,2,2),
-- Sol
(15,1,null,2,2),(15,2,1,1,1),(15,3,1,1,1),(15,4,1,1,1),(15,5,2,2,2),(15,6,null,null,1),(15,7,2,2,2),(15,8,1,1,1),(15,9,0.5,0.5,0.5),(15,10,1,1,1),(15,11,0.5,0.5,0.5),(15,12,2,2,2),(15,13,1,1,1),(15,14,2,2,2),(15,15,1,1,1),(15,16,1,1,1),(15,17,null,0,0),(15,18,0,0,0),
-- Spectre
(16,1,null,0.5,1),(16,2,1,1,1),(16,3,1,1,1),(16,4,1,1,1),(16,5,1,1,1),(16,6,null,null,1),(16,7,1,1,1),(16,8,1,1,1),(16,9,1,1,1),(16,10,0,0,0),(16,11,1,1,1),(16,12,1,1,1),(16,13,0,2,2),(16,14,1,1,1),(16,15,1,1,1),(16,16,2,2,2),(16,17,null,1,1),(16,18,1,1,1),
-- Ténèbre
(17,1,null,0.5,1),(17,2,null,0.5,0.5),(17,3,null,1,1),(17,4,null,1,1),(17,5,null,1,1),(17,6,null,null,0.5),(17,7,null,1,1),(17,8,null,1,1),(17,9,null,1,1),(17,10,null,1,1),(17,11,null,1,1),(17,12,null,1,1),(17,13,null,2,2),(17,14,null,1,1),(17,15,null,1,1),(17,16,null,2,2),(17,17,null,0.5,0.5),(17,18,null,1,1),
-- Vol
(18,1,null,0.5,0.5),(18,2,2,2,2),(18,3,1,1,1),(18,4,1,1,1),(18,5,0.5,0.5,0.5),(18,6,null,null,1),(18,7,1,1,1),(18,8,1,1,1),(18,9,2,2,2),(18,10,1,1,1),(18,11,2,2,2),(18,12,1,1,1),(18,13,1,1,1),(18,14,0.5,0.5,0.5),(18,15,1,1,1),(18,16,1,1,1),(18,17,null,1,1),(18,18,1,1,1);

-- ---------------------------


INSERT INTO location (id, region_id, name_en, name_fr) VALUES
       (1, 4, 'Canalave City', 'Joliberges'),
        (2, 4, 'Eterna City', 'Vestigion'),
        (3, 4, 'Pastoria City', 'Verchamps'),
        (4, 4, 'Sunyshore City', 'Rivamar'),
        (5, 4, 'Pokémon League', 'Ligue Pokémon'),
        (6, 4, 'Oreburgh Mine', 'Mine Charbourg'),
        (7, 4, 'Valley Windworks', 'Les Eoliennes'),
        (8, 4, 'Eterna Forest', 'Forêt Vestigion'),
        (9, 4, 'Fuego Ironworks', 'Forge Fuego'),
        (10, 4, 'Mt. Coronet', 'Mont Couronné'),
        (11, 4, 'Great Marsh', 'Grand Marais'),
        (12, 4, 'Solaceon Ruins', 'Ruines Bonville'),
        (13, 4, 'Victory Road', 'Route Victoire'),
        (14, 4, 'Ravaged Path', 'Chemin Rocheux'),
        (15, 4, 'Oreburgh Gate', 'Entrée Charbourg'),
        (16, 4, 'Stark Mountain', 'Mont Abrupt'),
        (17, 4, 'Spring Path', 'Chemin Source'),
        (18, 4, 'Turnback Cave', 'Grotte Retour'),
        (19, 4, 'Snowpoint Temple', 'Temple Frimapic'),
        (20, 4, 'Wayward Cave', 'Grotte Revèche'),
        (22, 4, 'Ruin Maniac Cave', 'Grotte Ruinem.'),
        (23, 4, 'Trophy Garden', 'Jardin Trophée'),
        (24, 4, 'Iron Island', 'Ile de Fer'),
        (25, 4, 'Old Chateau', 'Vieux Château'),
        (26, 4, 'Lake Verity', 'Lac Vérité'),
        (27, 4, 'Lake Valor', 'Lac Courage'),
        (28, 4, 'Lake Acuity', 'Lac Savoir'),
        (29, 4, 'Valor Lakefront', 'Rive Lac Courage'),
        (30, 4, 'Acuity Lakefront', 'Rive Lac Savoir'),
        (31, 4, 'Route 201', 'Route 201'),
        (32, 4, 'Route 202', 'Route 202'),
        (33, 4, 'Route 203', 'Route 203'),
        (34, 4, 'Route 204', 'Route 204'),
        (35, 4, 'Route 205', 'Route 205'),
        (36, 4, 'Route 206', 'Route 206'),
        (37, 4, 'Route 207', 'Route 207'),
        (38, 4, 'Route 208', 'Route 208'),
        (39, 4, 'Route 209', 'Route 209'),
        (40, 4, 'Lost Tower', 'Tour Perdue'),
        (41, 4, 'Route 210', 'Route 210'),
        (42, 4, 'Route 211', 'Route 211'),
        (43, 4, 'Route 212', 'Route 212'),
        (44, 4, 'Route 213', 'Route 213'),
        (45, 4, 'Route 214', 'Route 214'),
        (46, 4, 'Route 215', 'Route 215'),
        (47, 4, 'Route 216', 'Route 216'),
        (48, 4, 'Route 217', 'Route 217'),
        (49, 4, 'Route 218', 'Route 218'),
        (50, 4, 'Route 219', 'Route 219'),
        (51, 4, 'Route 221', 'Route 221'),
        (52, 4, 'Route 222', 'Route 222'),
        (53, 4, 'Route 224', 'Route 224'),
        (54, 4, 'Route 225', 'Route 225'),
        (55, 4, 'Route 227', 'Route 227'),
        (56, 4, 'Route 228', 'Route 228'),
        (57, 4, 'Route 229', 'Route 229'),
        (58, 4, 'Twinleaf Town', 'Bonaugure'),
        (59, 4, 'Celestic Town', 'Célestia'),
        (60, 4, 'Resort Area', 'Aire de Détente'),
        (61, 4, 'Sea Route 220', 'Chenal 220'),
        (62, 4, 'Sea Route 223', 'Chenal 223'),
        (63, 4, 'Sea Route 226', 'Chenal 226'),
        (64, 4, 'Sea Route 230', 'Chenal 230'),
        (65, 2, 'Blackthorn City', 'Ebènelle'),
        (66, 2, 'Burned Tower', 'Tour Cendrée'),
        (67, 1, 'Celadon City', 'Céladopole'),
        (68, 1, 'Cerulean City', 'Azuria'),
        (69, 2, 'Cherrygrove City', 'Ville Griotte'),
        (70, 2, 'Cianwood City', 'Irisia'),
        (71, 1, 'Cinnabar Island', 'Cramois''Ile'),
        (72, 2, 'Dark Cave', 'Antre Noir'),
        (73, 1, 'Diglett''s Cave', 'Cave TAUPIQUEUR'),
        (74, 2, 'Dragon''s Den', 'Antre du Dragon'),
        (75, 2, 'Ecruteak City', 'Rosalia'),
        (76, 1, 'Fuchsia City', 'Parmanie'),
        (77, 2, 'Ice Path', 'Route de Glace'),
        (78, 2, 'Ilex Forest', 'Bois aux Chênes'),
        (79, 2, 'Lake of Rage', 'Lac Colère'),
        (80, 1, 'Mt. Moon', 'Mont Sélénite'),
        (81, 2, 'Mt. Mortar', 'Mont Creuset'),
        (82, 2, 'Mt. Silver', 'Mont Argenté'),
        (83, 2, 'National Park', 'Parc Naturel'),
        (84, 2, 'New Bark Town', 'Bourg Geon'),
        (85, 2, 'Olivine City', 'Oliville'),
        (86, 1, 'Pallet Town', 'Bourg Palette'),
        (87, 1, 'Rock Tunnel', 'Grotte'),
        (88, 1, 'Route 1', 'Route 1'),
        (89, 1, 'Route 10', 'Route 10'),
        (90, 1, 'Route 11', 'Route 11'),
        (91, 1, 'Route 12', 'Route 12'),
        (92, 1, 'Route 13', 'Route 13'),
        (93, 1, 'Route 14', 'Route 14'),
        (94, 1, 'Route 15', 'Route 15'),
        (95, 1, 'Route 16', 'Route 16'),
        (96, 1, 'Route 17', 'Route 17'),
        (97, 1, 'Route 18', 'Route 18'),
        (98, 1, 'Sea Route 19', 'Chenal 19'),
        (99, 1, 'Route 2', 'Route 2'),
        (100, 1, 'Sea Route 20', 'Chenal 20'),
        (101, 1, 'Sea Route 21', 'Chenal 21'),
        (102, 1, 'Route 22', 'Route 22'),
        (103, 1, 'Route 24', 'Route 24'),
        (104, 1, 'Route 25', 'Route 25'),
        (105, 1, 'Route 26', 'Route 26'),
        (106, 1, 'Route 27', 'Route 27'),
        (107, 1, 'Route 28', 'Route 28'),
        (108, 2, 'Route 29', 'Route 29'),
        (109, 1, 'Route 3', 'Route 3'),
        (110, 2, 'Route 30', 'Route 30'),
        (111, 2, 'Route 31', 'Route 31'),
        (112, 2, 'Route 32', 'Route 32'),
        (113, 2, 'Route 33', 'Route 33'),
        (114, 2, 'Route 34', 'Route 34'),
        (115, 2, 'Route 35', 'Route 35'),
        (116, 2, 'Route 36', 'Route 36'),
        (117, 2, 'Route 37', 'Route 37'),
        (118, 2, 'Route 38', 'Route 38'),
        (119, 2, 'Route 39', 'Route 39'),
        (120, 1, 'Route 4', 'Route 4'),
        (121, 2, 'Sea Route 40', 'Chenal 40'),
        (122, 2, 'Sea Route 41', 'Chenal 41'),
        (123, 2, 'Route 42', 'Route 42'),
        (124, 2, 'Route 43', 'Route 43'),
        (125, 2, 'Route 44', 'Route 44'),
        (126, 2, 'Route 45', 'Route 45'),
        (127, 2, 'Route 46', 'Route 46'),
        (128, 2, 'Route 47', 'Route 47'),
        (129, 2, 'Route 48', 'Route 48'),
        (130, 1, 'Route 5', 'Route 5'),
        (131, 1, 'Route 6', 'Route 6'),
        (132, 1, 'Route 7', 'Route 7'),
        (133, 1, 'Route 8', 'Route 8'),
        (134, 1, 'Route 9', 'Route 9'),
        (135, 2, 'Ruins of Alph', 'Ruines d''Alpha'),
        (136, 1, 'Seafoam Islands', 'Iles Ecume'),
        (137, 2, 'Slowpoke Well', 'Puits RAMOLOSS'),
        (138, 2, 'Sprout Tower', 'Tour CHETIFLOR'),
        (139, 2, 'Bell Tower', 'Tour Carillon'),
        (140, 2, 'Tohjo Falls', 'Chutes Tohjo'),
        (141, 2, 'Union Cave', 'Caves Jumelles'),
        (147, 1, 'Cerulean Cave', 'Caverne Azurée'),
        (148, 2, 'Unknown; all Poliwag', 'Inconnu; que des Ptitard'),
        (149, 2, 'Unknown; all Rattata', 'Inconnu; que des Rattata'),
        (150, 2, 'Unknown; all bugs', 'Inconnu; que des insectes'),
        (151, 1, 'Vermilion City', 'Carmin sur Mer'),
        (152, 1, 'Victory Road', 'Route Victoire'),
        (153, 2, 'Violet City', 'Mauville'),
        (154, 1, 'Viridian City', 'Jadielle'),
        (155, 1, 'Viridian Forest', 'Forêt de Jade'),
        (156, 2, 'Whirl Islands', 'Tourb''Iles'),
        (157, 1, 'Route 23', 'Route 23'),
        (158, 1, 'Power Plant', 'Centrale'),
        (159, 1, 'Victory Road', 'Route Victoire'),
        (160, 1, 'Pokémon Tower', 'Tour Pokémon'),
        (161, 1, 'Pokémon Mansion', 'Manoir Pokémon'),
        (162, 1, 'Safari Zone', 'Parc Safari'),
        (163, 4, 'Sandgem Town', 'Littorella'),
        (164, 4, 'Floaroma Town', 'Floraville'),
        (165, 4, 'Solaceon Town', 'Bonville'),
        (167, 4, 'Jubilife City', 'Féli-Cité'),
        (168, 4, 'Oreburgh City', 'Charbourg'),
        (169, 4, 'Hearthome City', 'Unionpolis'),
        (170, 4, 'Veilstone City', 'Voilaroc'),
        (171, 4, 'Snowpoint City', 'Frimapic'),
        (172, 4, 'Spear Pillar', 'Colonnes Lances'),
        (173, 4, 'Pal Park', 'Parc des Amis'),
        (174, 4, 'Amity Square', 'Square Paisible'),
        (175, 4, 'Floaroma Meadow', 'Pré Floraville'),
        (177, 4, 'Fullmoon Island', 'Ile Pleine Lune'),
        (178, 4, 'Sendoff Spring', 'Source Adieu'),
        (179, 4, 'Flower Paradise', 'Paradis Fleuri'),
        (180, 4, 'Maniac Tunnel', 'Tunnel Runiem.'),
        (181, 4, 'Galactic HQ', 'QG Galaxie'),
        (182, 4, 'Verity Lakefront', 'Rive Lac Vérité'),
        (183, 4, 'Newmoon Island', 'Ile Nouvellelune'),
        (184, 4, 'Battle Tower', 'Tour de Combat'),
        (185, 4, 'Fight Area', 'Aire de Combat'),
        (186, 4, 'Survival Area', 'Aire de Survie'),
        (187, 4, 'Seabreak Path', 'Passage Marin'),
        (188, 4, 'Hall of Origin', 'Salle Originelle'),
        (189, 4, 'Hall of Origin', 'Salle Originelle'),
        (190, 4, 'Verity Cavern', 'Caverne Vérité'),
        (191, 4, 'Valor Cavern', 'Caverne Courage'),
        (192, 4, 'Acuity Cavern', 'Caverne Savoir'),
        (193, 4, 'Jubilife TV', 'Féli-Télé'),
        (194, 4, 'Pokétch Co.', 'Pokémontre S.A.'),
        (195, 4, 'GTS', 'GTS'),
        (196, 4, 'Trainers’ School', 'Ecole Dresseurs'),
        (197, 4, 'Mining Museum', 'Musée Minier'),
        (198, 4, 'Flower Shop', 'Fleuriste'),
        (199, 4, 'Cycle Shop', 'Boutique de Vélo'),
        (200, 4, 'Contest Hall', 'Salle Concours'),
        (201, 4, 'Poffin House', 'Poffinerie'),
        (202, 4, 'Foreign Building', 'Bâtiment Etrange'),
        (203, 4, 'Pokémon Day Care', 'Pension Pokémon'),
        (204, 4, 'Veilstone Store', 'C. Com. Voilaroc'),
        (205, 4, 'Game Corner', 'Casino'),
        (206, 4, 'Canalave Library', 'Bibl. Joliberges'),
        (207, 4, 'Vista Lighthouse', 'Phare Panorama'),
        (208, 4, 'Sunyshore Market', 'Marché Rivamar'),
        (209, 4, 'Footstep House', 'Abri Petitpas'),
        (210, 4, 'Café', 'Café'),
        (211, 4, 'Grand Lake', 'Grand Lac'),
        (212, 4, 'Restaurant', 'Restaurant'),
        (213, 4, 'Battle Park', 'Parc des Combats'),
        (214, 4, 'Battle Frontier', 'Zone de Combat'),
        (215, 4, 'Battle Factory', 'Usine de Combat'),
        (216, 4, 'Battle Castle', 'Castel de Combat'),
        (217, 4, 'Battle Arcade', 'Arcade de Combat'),
        (218, 4, 'Battle Hall', 'Scène de Combat'),
        (219, 4, 'Distortion World', 'Monde Distorsion'),
        (220, 4, 'Global Terminal', 'Terminal Mondial'),
        (221, 4, 'Villa', 'Villa'),
        (222, 4, 'Battleground', 'Café Combats'),
        (223, 4, 'ROTOM''s Room', 'Salle MOTISMA'),
        (224, 4, 'T.G. Eterna Bldg', 'Team G Vestigion'),
        (225, 4, 'Iron Ruins', 'Ruines de Fer'),
        (226, 4, 'Iceberg Ruins', 'Ruines Iceberg'),
        (227, 4, 'Rock Peak Ruins', 'Ruines Pic Roche'),
        (228, 2, 'Azalea Town', 'Ecorcia'),
        (229, 2, 'Goldenrod City', 'Doublonville'),
        (230, 2, 'Mahogany Town', 'Acajou'),
        (231, 1, 'Pewter City', 'Argenta'),
        (232, 1, 'Lavender Town', 'Lavanville'),
        (233, 1, 'Indigo Plateau', 'Plateau Indigo'),
        (234, 1, 'Saffron City', 'Safrania'),
        (236, 2, 'Lighthouse', 'Phare'),
        (237, 2, 'Team Rocket HQ', 'Repaire Rocket d''Acajou'),
        (238, 2, 'Goldenrod Tunnel', 'Doublon-Tunnel'),
        (239, 2, 'Mt. Silver Cave', 'Grotte Argentée'),
        (241, 2, 'Pokéathlon Dome', 'Dôme Pokéathlon'),
        (242, 2, 'S.S. Aqua', 'Aquaria'),
        (243, 2, 'Safari Zone Gate', 'Portail Safari'),
        (244, 2, 'Cliff Cave', 'Grotte Falaise'),
        (245, 2, 'Frontier Access', 'Atrium Combat'),
        (246, 2, 'Bellchime Trail', 'Sentier Carillon'),
        (247, 2, 'Sinjoh Ruins', 'Ruines Sinjoh'),
        (248, 2, 'Embedded Tower', 'Tour Enfouie'),
        (249, 2, 'Pokéwalker', 'Pokéwalker'),
        (250, 2, 'Cliff Edge Gate', 'Portail Falaise'),
        (252, 2, 'Radio Tower', 'Tour Radio'),
        (253, null, 'Day-Care Couple', 'Couple Pension'),
        (254, null, 'Link trade (arrive)', 'Echange Link'),
        (255, null, 'Link trade (met)', 'Echange Link'),
        (256, null, 'Kanto', 'Kanto'),
        (257, null, 'Johto', 'Johto'),
        (258, null, 'Hoenn', 'Hoenn'),
        (259, null, 'Sinnoh', 'Sinnoh'),
        (260, null, 'Distant land', 'Pays lointain'),
        (261, null, 'Traveling Man', 'un voyageur'),
        (262, null, 'Riley', 'Armand'),
        (263, null, 'Cynthia', 'Cynthia'),
        (264, null, 'Mystery Zone', 'Endroit mystér.'),
        (265, null, 'Lovely place', 'Endroit superbe'),
        (266, null, 'Pokémon Ranger', 'Pokémon Ranger'),
        (267, null, 'Faraway place', 'Endroit lointain'),
        (268, null, 'Pokémon Movie', 'Film Pokémon'),
        (269, null, 'Pokémon Movie 06', 'Film Pokémon 06'),
        (270, null, 'Pokémon Movie 07', 'Film Pokémon 07'),
        (271, null, 'Pokémon Movie 08', 'Film Pokémon 08'),
        (272, null, 'Pokémon Movie 09', 'Film Pokémon 09'),
        (273, null, 'Pokémon Movie 10', 'Film Pokémon 10'),
        (274, null, 'Pokémon Movie 11', 'Film Pokémon 11'),
        (275, null, 'Pokémon Movie 12', 'Film Pokémon 12'),
        (276, null, 'Pokémon Movie 13', 'Film Pokémon 13'),
        (277, null, 'Pokémon Movie 14', 'Film Pokémon 14'),
        (278, null, 'Pokémon Movie 15', 'Film Pokémon 15'),
        (279, null, 'Pokémon Movie 16', 'Film Pokémon 16'),
        (280, null, 'Pokémon Cartoon', 'Dessin ani. PKMN'),
        (281, null, 'Space World', 'Space World'),
        (282, null, 'Space World 06', 'Space World 06'),
        (283, null, 'Space World 07', 'Space World 07'),
        (284, null, 'Space World 08', 'Space World 08'),
        (285, null, 'Space World 09', 'Space World 09'),
        (286, null, 'Space World 10', 'Space World 10'),
        (287, null, 'Space World 11', 'Space World 11'),
        (288, null, 'Space World 12', 'Space World 12'),
        (289, null, 'Space World 13', 'Space World 13'),
        (290, null, 'Space World 14', 'Space World 14'),
        (291, null, 'Space World 15', 'Space World 15'),
        (292, null, 'Space World 16', 'Space World 16'),
        (293, null, 'Pokémon Festa', 'Pokémon Festa'),
        (294, null, 'Pokémon Festa 06', 'Pokémon Festa 06'),
        (295, null, 'Pokémon Festa 07', 'Pokémon Festa 07'),
        (296, null, 'Pokémon Festa 08', 'Pokémon Festa 08'),
        (297, null, 'Pokémon Festa 09', 'Pokémon Festa 09'),
        (298, null, 'Pokémon Festa 10', 'Pokémon Festa 10'),
        (299, null, 'Pokémon Festa 11', 'Pokémon Festa 11'),
        (300, null, 'Pokémon Festa 12', 'Pokémon Festa 12'),
        (301, null, 'Pokémon Festa 13', 'Pokémon Festa 13'),
        (302, null, 'Pokémon Festa 14', 'Pokémon Festa 14'),
        (303, null, 'Pokémon Festa 15', 'Pokémon Festa 15'),
        (304, null, 'Pokémon Festa 16', 'Pokémon Festa 16'),
        (305, null, 'POKéPARK', 'POKéPARK'),
        (306, null, 'POKéPARK 06', 'POKéPARK 06'),
        (307, null, 'POKéPARK 07', 'POKéPARK 07'),
        (308, null, 'POKéPARK 08', 'POKéPARK 08'),
        (309, null, 'POKéPARK 09', 'POKéPARK 09'),
        (310, null, 'POKéPARK 10', 'POKéPARK 10'),
        (311, null, 'POKéPARK 11', 'POKéPARK 11'),
        (312, null, 'POKéPARK 12', 'POKéPARK 12'),
        (313, null, 'POKéPARK 13', 'POKéPARK 13'),
        (314, null, 'POKéPARK 14', 'POKéPARK 14'),
        (315, null, 'POKéPARK 15', 'POKéPARK 15'),
        (316, null, 'POKéPARK 16', 'POKéPARK 16'),
        (317, null, 'Pokémon Center', 'Centre Pokémon'),
        (318, null, 'PC Tokyo', 'CP Tokyo'),
        (319, null, 'PC Osaka', 'CP Osaka'),
        (320, null, 'PC Fukuoka', 'CP Fukuoka'),
        (321, null, 'PC Nagoya', 'CP Nagoya'),
        (322, null, 'PC Sapporo', 'CP Sapporo'),
        (323, null, 'PC Yokohama', 'CP Yokohama'),
        (324, null, 'Nintendo World', 'Nintendo World'),
        (325, null, 'Pokémon Event', 'Evénem. Pokémon'),
        (326, null, 'Pokémon Event 06', 'Evén. Pokémon 06'),
        (327, null, 'Pokémon Event 07', 'Evén. Pokémon 07'),
        (328, null, 'Pokémon Event 08', 'Evén. Pokémon 08'),
        (329, null, 'Pokémon Event 09', 'Evén. Pokémon 09'),
        (330, null, 'Pokémon Event 10', 'Evén. Pokémon 10'),
        (331, null, 'Pokémon Event 11', 'Evén. Pokémon 11'),
        (332, null, 'Pokémon Event 12', 'Evén. Pokémon 12'),
        (333, null, 'Pokémon Event 13', 'Evén. Pokémon 13'),
        (334, null, 'Pokémon Event 14', 'Evén. Pokémon 14'),
        (335, null, 'Pokémon Event 15', 'Evén. Pokémon 15'),
        (336, null, 'Pokémon Event 16', 'Evén. Pokémon 16'),
        (337, null, 'Wi-Fi Event', 'Evénement Wi-Fi'),
        (338, null, 'Wi-Fi Gift', 'Cadeau Wi-Fi'),
        (339, null, 'Pokémon Fan Club', 'Fan Club Pokémon'),
        (340, null, 'Event Site', 'Lieu d''Evénement'),
        (341, null, 'Concert Event', 'Evénem. Concert'),
        (342, null, 'Mr. Pokémon', 'M. Pokémon'),
        (343, null, 'Primo', 'Castor'),
        (344, 5, 'Mystery Zone', 'Endroit Mystérieux'),
        (345, 5, 'Faraway place', 'Endroit Lointain'),
        (346, 5, 'Nuvema Town', 'Renouet'),
        (347, 5, 'Accumula Town', 'Arabelle'),
        (348, 5, 'Striaton City', 'Ogoesse'),
        (349, 5, 'Nacrene City', 'Maillard'),
        (350, 5, 'Castelia City', 'Volucité'),
        (351, 5, 'Nimbasa City', 'Méanville'),
        (352, 5, 'Driftveil City', 'Port Yoneuve'),
        (353, 5, 'Mistralton City', 'Parsemille'),
        (354, 5, 'Icirrus City', 'Flocombe'),
        (355, 5, 'Opelucid City', 'Janusia'),
        (356, 5, 'Route 1', 'Route 1'),
        (357, 5, 'Route 2', 'Route 2'),
        (358, 5, 'Route 3', 'Route 3'),
        (359, 5, 'Route 4', 'Route 4'),
        (360, 5, 'Route 5', 'Route 5'),
        (361, 5, 'Route 6', 'Route 6'),
        (362, 5, 'Route 7', 'Route 7'),
        (363, 5, 'Route 8', 'Route 8'),
        (364, 5, 'Route 9', 'Route 9'),
        (365, 5, 'Route 10', 'Route 10'),
        (366, 5, 'Route 11', 'Route 11'),
        (367, 5, 'Route 12', 'Route 12'),
        (368, 5, 'Route 13', 'Route 13'),
        (369, 5, 'Route 14', 'Route 14'),
        (370, 5, 'Route 15', 'Route 15'),
        (371, 5, 'Route 16', 'Route 16'),
        (372, 5, 'Route 17', 'Chenal 17'),
        (373, 5, 'Route 18', 'Route 18'),
        (374, 5, 'Dreamyard', 'Vestiges du Rêve'),
        (375, 5, 'Pinwheel Forest', 'Forêt d''Empoigne'),
        (376, 5, 'Desert Resort', 'Désert Délassant'),
        (377, 5, 'Relic Castle', 'Château Enfoui'),
        (378, 5, 'Cold Storage', 'Hangar Frigorifique'),
        (379, 5, 'Chargestone Cave', 'Grotte Électrolithe'),
        (380, 5, 'Twist Mountain', 'Mont Foré'),
        (381, 5, 'Dragonspiral Tower', 'Tour Dragospire'),
        (382, 5, 'Victory Road', 'Route Victoire'),
        (383, 5, 'Lacunosa Town', 'Entrelasque'),
        (384, 5, 'Undella Town', 'Vaguelone'),
        (385, 5, 'Anville Town', 'Rotombourg'),
        (386, 5, 'Pokémon League', 'Ligue Pokémon'),
        (387, 5, 'N''s Castle', 'Palais de N'),
        (388, 5, 'Royal Unova', 'L''Étoile d''Unys'),
        (389, 5, 'Gear Station', 'Engrenage du Métro'),
        (390, 5, 'Battle Subway', 'Métro de Combat'),
        (391, 5, 'Musical Theater', 'Music-Hall'),
        (392, 5, 'Black City', 'Ville Noire'),
        (393, 5, 'White Forest', 'Forêt Blanche'),
        (394, 5, 'Unity Tower', 'Tour Union'),
        (395, 5, 'Wellspring Cave', 'Veine Souterraine'),
        (396, 5, 'Mistralton Cave', 'Grotte Parsemille'),
        (397, 5, 'Rumination Field', 'Clairière Réflexion'),
        (398, 5, 'Celestial Tower', 'Tour des Cieux'),
        (399, 5, 'Moor of Icirrus', 'Tourbière Flocombe'),
        (400, 5, 'Shopping Mall', 'Centre Commercial'),
        (401, 5, 'Challenger''s Cave', 'Antre d''Entraînement'),
        (402, 5, 'Poké Transfer Lab', 'Laboratoire Fret'),
        (403, 5, 'Giant Chasm', 'Grotte Cyclopéenne'),
        (404, 5, 'Liberty Garden', 'Île Liberté'),
        (405, 5, 'P2 Laboratory', 'Labo P2'),
        (406, 5, 'Skyarrow Bridge', 'Pont Sagiciel'),
        (407, 5, 'Driftveil Drawbridge', 'Pont Yoneuve'),
        (408, 5, 'Tubeline Bridge', 'Pont Ferroviaire'),
        (409, 5, 'Village Bridge', 'Pont du Hameau'),
        (410, 5, 'Marvelous Bridge', 'Pont de l''Inconnu'),
        (411, 5, 'Entralink', 'Heylink'),
        (412, 5, 'Abundant Shrine', 'Autel Abondance'),
        (413, 5, 'Undella Bay', 'Baie Vaguelone'),
        (414, 5, 'Lostlorn Forest', 'Bois des Illusions'),
        (415, 5, 'Trial Chamber', 'Salle Épreuve'),
        (416, 5, 'Guidance Chamber', 'Espace Guide'),
        (417, 5, 'Entree Forest', 'Forêt du Heylink'),
        (418, 5, 'Accumula Gate', 'Porte Arabelle'),
        (419, 5, 'Undella Gate', 'Porte Vaguelone'),
        (420, 5, 'Nacrene Gate', 'Porte Maillard'),
        (421, 5, 'Castelia Gate', 'Porte Volucité'),
        (422, 5, 'Nimbasa Gate', 'Porte Méanville'),
        (423, 5, 'Opelucid Gate', 'Porte Janusia'),
        (424, 5, 'Black Gate', 'Porte Noire'),
        (425, 5, 'White Gate', 'Porte Blanche'),
        (426, 5, 'Bridge Gate', 'Porte de Pont'),
        (427, 5, 'Route Gate', 'Porte de Route'),
        (428, 5, 'Abyssal Ruins', 'Ruines des Abysses'),
        (429, 3, 'Petalburg City', 'Clémenti-Ville'),
        (430, 3, 'Slateport City', 'Poivressel'),
        (431, 3, 'Lilycove City', 'Nénucrique'),
        (432, 3, 'Mossdeep City', 'Algatia'),
        (433, 3, 'Sootopolis City', 'Atalanopolis'),
        (434, 3, 'Ever Grande City', 'Éternara'),
        (435, 3, 'Meteor Falls', 'Site Météore'),
        (436, 3, 'Rusturf Tunnel', 'Tunnel Mérazon'),
        (437, 3, 'Granite Cave', 'Grotte Granite'),
        (438, 3, 'Petalburg Woods', 'Bois Clémenti'),
        (439, 3, 'Jagged Pass', 'Sentier Sinuroc'),
        (440, 3, 'Fiery Path', 'Chemin Ardent'),
        (441, 3, 'Mt. Pyre', 'Mont Mémoria'),
        (442, 3, 'Seafloor Cavern', 'Caverne Fondmer'),
        (443, 3, 'Cave of Origin', 'Grotte Origine'),
        (444, 3, 'Victory Road', 'Route Victoire'),
        (445, 3, 'Shoal Cave', 'Grotte Tréfonds'),
        (446, 3, 'New Mauville', 'New Lavandia'),
        (447, 3, 'Abandoned Ship', 'Épave'),
        (448, 3, 'Sky Pillar', 'Pilier Céleste'),
        (449, 3, 'Route 101', 'Route 101'),
        (450, 3, 'Route 102', 'Route 102'),
        (451, 3, 'Route 103', 'Route 103'),
        (452, 3, 'Route 104', 'Route 104'),
        (453, 3, 'Route 105', 'Chenal 105'),
        (454, 3, 'Route 106', 'Chenal 106'),
        (455, 3, 'Route 107', 'Chenal 107'),
        (456, 3, 'Route 108', 'Chenal 108'),
        (457, 3, 'Route 109', 'Chenal 109'),
        (458, 3, 'Route 110', 'Route 110'),
        (459, 3, 'Route 111', 'Route 111'),
        (460, 3, 'Route 112', 'Route 112'),
        (461, 3, 'Route 113', 'Route 113'),
        (462, 3, 'Route 114', 'Route 114'),
        (463, 3, 'Route 115', 'Route 115'),
        (464, 3, 'Route 116', 'Route 116'),
        (465, 3, 'Route 117', 'Route 117'),
        (466, 3, 'Route 118', 'Route 118'),
        (467, 3, 'Route 119', 'Route 119'),
        (468, 3, 'Route 120', 'Route 120'),
        (469, 3, 'Route 121', 'Route 121'),
        (470, 3, 'Route 122', 'Chenal 122'),
        (471, 3, 'Route 123', 'Route 123'),
        (472, 3, 'Route 124', 'Chenal 124'),
        (473, 3, 'Route 125', 'Chenal 125'),
        (474, 3, 'Route 126', 'Chenal 126'),
        (475, 3, 'Route 127', 'Chenal 127'),
        (476, 3, 'Route 128', 'Chenal 128'),
        (477, 3, 'Route 129', 'Chenal 129'),
        (478, 3, 'Route 130', 'Chenal 130'),
        (479, 3, 'Route 131', 'Chenal 131'),
        (480, 3, 'Route 132', 'Chenal 132'),
        (481, 3, 'Route 133', 'Chenal 133'),
        (482, 3, 'Route 134', 'Chenal 134'),
        (483, 3, 'Safari Zone', 'Parc Safari'),
        (484, 3, 'Dewford Town', 'Myokara'),
        (485, 3, 'Pacifidlog Town', 'Pacifiville'),
        (486, 3, 'Magma Hideout', 'Planque Magma'),
        (487, 3, 'Mirage Tower', 'Tour Mirage'),
        (488, 3, 'Desert Underpass', 'Voie du Désert'),
        (489, 3, 'Artisan Cave', 'Grotte Atelier'),
        (490, 3, 'Altering Cave', 'Grotte Métamo'),
        (491, 1, 'Monean Chamber', 'Chambre Anemune'),
        (492, 1, 'Liptoo Chamber', 'Chambre Deulipe'),
        (493, 1, 'Weepth Chamber', 'Chambre Prois'),
        (494, 1, 'Dilford Chamber', 'Chambre Jonquatre'),
        (495, 1, 'Scufib Chamber', 'Chambre Hibicinq'),
        (496, 1, 'Rixy Chamber', 'Chambre Irix'),
        (497, 1, 'Viapos Chamber', 'Chambre Poinsept'),
        (498, 1, 'S.S. Anne', 'L''Océane'),
        (500, 1, 'Mt. Ember', 'Mont Braise'),
        (501, 1, 'Berry Forest', 'Bois Baies'),
        (502, 1, 'Icefall Cave', 'Grotte de Glace'),
        (503, 1, 'Pattern Bush', 'Forbuissons'),
        (504, 1, 'Lost Cave', 'Grotte Perdue'),
        (505, 1, 'Kindle Road', 'Route Tison'),
        (506, 1, 'Treasure Beach', 'Plage Trésor'),
        (507, 1, 'Cape Brink', 'Cap Falaise'),
        (508, 1, 'Bond Bridge', 'Pont du Lien'),
        (509, 1, 'Three Isle Port', 'Port Ile 3'),
        (510, 1, 'Resort Gorgeous', 'Camp de Vacances'),
        (511, 1, 'Water Labyrinth', 'Labyrinthe d''O'),
        (512, 1, 'Five Isle Meadow', 'Pré Ile 5'),
        (513, 1, 'Memorial Pillar', 'Mémorial'),
        (514, 1, 'Outcast Island', 'Ile du Lointain'),
        (515, 1, 'Green Path', 'Chemin Vert'),
        (516, 1, 'Water Path', 'Agualcanal'),
        (517, 1, 'Ruin Valley', 'Vallée Ruine'),
        (518, 1, 'Trainer Tower', 'Tour Dresseurs'),
        (519, 1, 'Canyon Entrance', 'Entrée du Canyon'),
        (520, 1, 'Sevault Canyon', 'Canyon Sesor'),
        (521, 1, 'Tanoby Ruins', 'Ruines Tanoby'),
        (526, 1, 'One Island', 'Ile 1'),
        (527, 1, 'Four Island', 'Ile 4'),
        (528, 1, 'Five Island', 'Ile 5'),
        (529, 1, 'Altering Cave', 'Grotte Métamo'),
        (531, 5, 'Aspertia City', 'Pavonnay'),
        (532, 5, 'Virbank City', 'Ondes-sur-Mer'),
        (533, 5, 'Humilau City', 'Papeloa'),
        (534, 5, 'PokéStar Studios', 'Pokéwood'),
        (535, 5, 'Join Avenue', 'Galerie Concorde'),
        (536, 5, 'Floccesy Town', 'Amaillide'),
        (537, 5, 'Lentimas Town', 'Arpentières'),
        (538, 5, 'Route 19', 'Route 19'),
        (539, 5, 'Route 20', 'Route 20'),
        (540, 5, 'Route 21', 'Chenal 21'),
        (541, 5, 'Route 22', 'Route 22'),
        (542, 5, 'Route 23', 'Route 23'),
        (543, 5, 'Castelia Sewers', 'Égouts de Volucité'),
        (544, 5, 'Floccesy Ranch', 'Ranch d''Amaillide'),
        (545, 5, 'Virbank Complex', 'Z.I. d''Ondes-sur-Mer'),
        (546, 5, 'Reversal Mountain', 'Mont Renenvers'),
        (547, 5, 'Strange House', 'Manoir de l''Étrange'),
        (548, 5, 'Victory Road', 'Route Victoire'),
        (549, 5, 'Plasma Frigate', 'Frégate Plasma'),
        (550, 5, 'Relic Passage', 'Chemin Enfoui'),
        (551, 5, 'Clay Tunnel', 'Route Bardane'),
        (552, 5, 'White Treehollow', 'Arbre Creux Blanc'),
        (553, 5, 'Black Tower', 'Gratte-Ciel Noir'),
        (554, 5, 'Seaside Cave', 'Grotte Littorale'),
        (555, 5, 'Cave of Being', 'Caverne des Esprits'),
        (556, 5, 'Hidden Grotto', 'Trouée Cachée'),
        (557, 5, 'Marine Tube', 'Aquatube'),
        (558, 5, 'Virbank Gate', 'Porte Ondes-sur-Mer'),
        (559, 5, 'Aspertia Gate', 'Porte Pavonnay'),
        (560, 5, 'Nature Sanctuary', 'Réserve Naturelle'),
        (561, 5, 'Medal Secretariat', 'Bureau des Médailles'),
        (562, 5, 'Underground Ruins', 'Ruines Enfouies'),
        (563, 5, 'Rocky Mountain Room', 'Salle Pic Rocheux'),
        (564, 5, 'Glacier Room', 'Salle Iceberg'),
        (565, 5, 'Iron Room', 'Salle Fer'),
        (566, 5, 'Pledge Grove', 'Bois du Serment'),
        (567, 3, 'Littleroot Town', 'Bourg-en-Vol'),
        (568, 3, 'Oldale Town', 'Rosyères'),
        (569, 3, 'Lavaridge Town', 'Vermilava'),
        (570, 3, 'Fallarbor Town', 'Autéquia'),
        (571, 3, 'Verdanturf Town', 'Vergazon'),
        (572, 3, 'Mauville City', 'Lavandia'),
        (573, 3, 'Rustboro City', 'Mérouville'),
        (574, 3, 'Fortree City', 'Cimetronelle'),
        (575, 3, 'Underwater', 'Fond marin'),
        (576, 3, 'Mt. Chimney', 'Mont Chimnée'),
        (577, 3, 'Mirage Island', 'Île Mirage'),
        (578, 3, 'Southern Island', 'Île du Sud'),
        (579, 3, 'Sealed Chamber', 'Sanctuaire'),
        (580, 3, 'Scorched Slab', 'Grotte Zénith'),
        (581, 3, 'Island Cave', 'Grotte de l’Îlot'),
        (582, 3, 'Desert Ruins', 'Ruines Désert'),
        (583, 3, 'Ancient Tomb', 'Tombeau Antique'),
        (584, 3, '???', '???'),
        (585, 3, 'Secret Base', 'Base Secrète'),
        (586, 3, 'Battle Tower', 'Tour de Combat'),
        (587, 6, 'Vaniville Town', 'Bourg Croquis'),
        (588, 6, 'Route 1', 'Route 1'),
        (589, 6, 'Vaniville Pathway', 'Sentier Croquis'),
        (590, 6, 'Aquacorde Town', 'Quarellis'),
        (591, 6, 'Route 2', 'Route 2'),
        (592, 6, 'Avance Trail', 'Chemin Progrès'),
        (593, 6, 'Santalune Forest', 'Forêt de Neuvartault'),
        (594, 6, 'Route 3', 'Route 3'),
        (595, 6, 'Ouvert Way', 'Chemin Ouvert'),
        (596, 6, 'Santalune City', 'Neuvartault'),
        (597, 6, 'Route 4', 'Route 4'),
        (598, 6, 'Parterre Way', 'Route Fleurie'),
        (599, 6, 'Lumiose City', 'Illumis'),
        (600, 6, 'Prism Tower', 'Tour Prismatique'),
        (601, 6, 'Lysandre Labs', 'Labos Lysandre'),
        (602, 6, 'Route 5', 'Route 5'),
        (603, 6, 'Versant Road', 'Chemin du Versant'),
        (604, 6, 'Camphrier Town', 'Fort-Vanitas'),
        (605, 6, 'Shabboneau Castle', 'Fort de Vanitas'),
        (606, 6, 'Route 6', 'Route 6'),
        (607, 6, 'Palais Lane', 'Allée du Palais'),
        (608, 6, 'Parfum Palace', 'Palais Chaydeuvre'),
        (609, 6, 'Route 7', 'Route 7'),
        (610, 6, 'Rivière Walk', 'Chemin des Berges'),
        (611, 6, 'Cyllage City', 'Relifac-le-Haut'),
        (612, 6, 'Route 8', 'Route 8'),
        (613, 6, 'Muraille Coast', 'Falaise Muraille'),
        (614, 6, 'Ambrette Town', 'Roche-sur-Gliffe'),
        (615, 6, 'Route 9', 'Route 9'),
        (616, 6, 'Spikes Passage', 'Piste Piquante'),
        (617, 6, 'Battle Chateau', 'Château de Combat'),
        (618, 6, 'Route 10', 'Route 10'),
        (619, 6, 'Menhir Trail', 'Route Menhir'),
        (620, 6, 'Geosenge Town', 'Cromlac’h'),
        (621, 6, 'Route 11', 'Route 11'),
        (622, 6, 'Miroir Way', 'Chemin Miroir'),
        (623, 6, 'Reflection Cave', 'Grotte Miroitante'),
        (624, 6, 'Shalour City', 'Yantreizh'),
        (625, 6, 'Tower of Mastery', 'Tour Maîtrise'),
        (626, 6, 'Route 12', 'Route 12'),
        (627, 6, 'Fourrage Road', 'Chemin Fourrage'),
        (628, 6, 'Coumarine City', 'Port Tempères'),
        (629, 6, 'Route 13', 'Route 13'),
        (630, 6, 'Lumiose Badlands', 'Steppe d’Illumis'),
        (631, 6, 'Route 14', 'Route 14'),
        (632, 6, 'Laverre Nature Trail', 'Laie Romant-ss-Bois'),
        (633, 6, 'Laverre City', 'Romant-sous-Bois'),
        (634, 6, 'Poké Ball Factory', 'Usine de Poké Balls'),
        (635, 6, 'Route 15', 'Route 15'),
        (636, 6, 'Brun Way', 'Chemin Brun'),
        (637, 6, 'Dendemille Town', 'La Frescale'),
        (638, 6, 'Route 16', 'Route 16'),
        (639, 6, 'Mélancolie Path', 'Chemin Tristesse'),
        (640, 6, 'Frost Cavern', 'Caverne Gelée'),
        (641, 6, 'Route 17', 'Route 17'),
        (642, 6, 'Mamoswine Road', 'Route Mammochon'),
        (643, 6, 'Anistar City', 'Flusselles'),
        (644, 6, 'Route 18', 'Route 18'),
        (645, 6, 'Vallée Étroite Way', 'Chemin des Gorges'),
        (646, 6, 'Couriway Town', 'Mozheim'),
        (647, 6, 'Route 19', 'Route 19'),
        (648, 6, 'Grande Vallée Way', 'Chemin du Val'),
        (649, 6, 'Snowbelle City', 'Auffrac-les-Congères'),
        (650, 6, 'Route 20', 'Route 20'),
        (651, 6, 'Winding Woods', 'Bois du Dédale'),
        (652, 6, 'Pokémon Village', 'Village Pokémon'),
        (653, 6, 'Route 21', 'Route 21'),
        (654, 6, 'Dernière Way', 'Chemin Final'),
        (655, 6, 'Route 22', 'Route 22'),
        (656, 6, 'Détourner Way', 'Chemin Détour'),
        (657, 6, 'Victory Road', 'Route Victoire'),
        (658, 6, 'Pokémon League', 'Ligue Pokémon'),
        (659, 6, 'Kiloude City', 'Batisques'),
        (660, 6, 'Battle Maison', 'Maison de Combat'),
        (661, 6, 'Azure Bay', 'Baie Azur'),
        (662, 6, 'Dendemille Gate', 'Porte de La Frescale'),
        (663, 6, 'Couriway Gate', 'Porte de Mozheim'),
        (664, 6, 'Ambrette Gate', 'Porte de R. s/Gliffe'),
        (665, 6, 'Lumiose Gate', 'Porte d’Illumis'),
        (666, 6, 'Shalour Gate', 'Porte de Yantreizh'),
        (667, 6, 'Coumarine Gate', 'Porte de P. Tempères'),
        (668, 6, 'Laverre Gate', 'Porte de Romant'),
        (669, 6, 'Anistar Gate', 'Porte de Flusselles'),
        (670, 6, 'Snowbelle Gate', 'Porte d’Auffrac'),
        (671, 6, 'Glittering Cave', 'Grotte Étincelante'),
        (672, 6, 'Connecting Cave', 'Cave Connecterre'),
        (673, 6, 'Zubat Roost', 'Antre Nosferapti'),
        (674, 6, 'Kalos Power Plant', 'Centrale de Kalos'),
        (675, 6, 'Team Flare Secret HQ', 'Repaire Team Flare'),
        (676, 6, 'Terminus Cave', 'Grotte Coda'),
        (677, 6, 'Lost Hotel', 'Hôtel Désolation'),
        (678, 6, 'Chamber of Emptiness', 'Chambre Néant'),
        (679, 6, 'Sea Spirit’s Den', 'Antre Néréen'),
        (680, 6, 'Friend Safari', 'Safari des Amis'),
        (681, 6, 'Blazing Chamber', 'Chambre du Brasier'),
        (682, 6, 'Flood Chamber', 'Chambre du Barrage'),
        (683, 6, 'Ironworks Chamber', 'Chambre de l’Alliage'),
        (684, 6, 'Dragonmark Chamber', 'Chambre de la Guivre'),
        (685, 6, 'Radiant Chamber', 'Chambre de l’Éclat'),
        (686, 6, 'Pokémon League Gate', 'Porte de la Ligue'),
        (687, 6, 'Lumiose Station', 'Gare d’Illumis'),
        (688, 6, 'Kiloude Station', 'Gare de Batisques'),
        (689, 6, 'Ambrette Aquarium', 'Aquarium R. s/Gliffe'),
        (690, 6, 'Unknown Dungeon', 'Grotte Inconnue'),
        (691, 3, 'Pokémon League', 'Ligue Pokémon'),
        (692, 3, 'Team Aqua Hideout', 'Planque Aqua'),
        (693, 3, 'Sea Mauville', 'Lavandia Sea'),
        (694, 3, 'Team Magma Hideout', 'Planque Magma'),
        (695, 3, 'Battle Resort', 'Atoll de Combat'),
        (696, 3, 'S.S. Tidal', 'Le Marina'),
        (697, 3, 'Mirage Forest', 'Forêt Mirage'),
        (698, 3, 'Mirage Cave', 'Grotte Mirage'),
        (699, 3, 'Mirage Mountain', 'Mont Mirage'),
        (700, 3, 'Trackless Forest', 'Forêt Impénétrable'),
        (701, 3, 'Pathless Plain', 'Plaine Sans Nom'),
        (702, 3, 'Nameless Cavern', 'Grotte Oubliée'),
        (703, 3, 'Fabled Cave', 'Grotte Évanescente'),
        (704, 3, 'Gnarled Den', 'Gouffre Informe'),
        (705, 3, 'Crescent Isle', 'Île de l’Arc'),
        (706, 3, 'Secret Islet', 'Îlot Secret'),
        (707, 3, 'Soaring in the sky', 'Grand Ciel'),
        (708, 3, 'Secret Shore', 'Plage Secrète'),
        (709, 3, 'Secret Meadow', 'Champ Fleuri Secret'),
        (710, 7, 'Route 1', 'Route 1'),
        (711, 7, 'Route 1', 'Route 1'),
        (712, 7, 'Route 3', 'Route 3'),
        (713, 7, 'Route 2', 'Route 2'),
        (714, 7, 'Kala’e Bay', 'Baie de Kala’e'),
        (715, 7, 'Melemele Sea', 'Mer de Mele-Mele'),
        (716, 7, 'Hau’oli City', 'Ekaeka'),
        (717, 7, 'Hau’oli City', 'Ekaeka'),
        (718, 7, 'Hau’oli City', 'Ekaeka'),
        (719, 7, 'Iki Town', 'Lili’i'),
        (720, 7, 'Mahalo Trail', 'Sentier de Mahalo'),
        (721, 7, 'Mahalo Trail', 'Sentier de Mahalo'),
        (722, 7, 'Ruins of Conflict', 'Ruines du Conflit'),
        (723, 7, 'Ten Carat Hill', 'Colline Dicarat'),
        (724, 7, 'Ten Carat Hill', 'Colline Dicarat'),
        (725, 7, 'Hau’oli Cemetery', 'Cimetière d’Ekaeka'),
        (726, 7, 'Melemele Meadow', 'Jardin de Mele-Mele'),
        (727, 7, 'Seaward Cave', 'Grotte Verlamer'),
        (728, 7, 'Berry Fields', 'Champ de Baies'),
        (729, 7, 'Verdant Cavern', 'Grotte Verdoyante'),
        (730, 7, 'Verdant Cavern', 'Grotte Verdoyante'),
        (731, 7, 'Route 4', 'Route 4'),
        (732, 7, 'Route 5', 'Route 5'),
        (733, 7, 'Route 6', 'Route 6'),
        (734, 7, 'Route 7', 'Route 7'),
        (735, 7, 'Route 8', 'Route 8'),
        (736, 7, 'Route 9', 'Route 9'),
        (737, 7, 'Hano Grand Resort', 'Club Hano-Hano'),
        (738, 7, 'Hano Beach', 'Plage Hano-Hano'),
        (739, 7, 'Akala Meadow', 'Jardin d’Akala'),
        (740, 7, 'Paniola Town', 'Ohana'),
        (741, 7, 'Heahea City', 'Ho’ohale'),
        (742, 7, 'Konikoni City', 'Konikoni'),
        (743, 7, 'Royal Avenue', 'Rue du Dôme Royal'),
        (744, 7, 'Memorial Hill', 'Colline Memento'),
        (745, 7, 'Paniola Ranch', 'Ranch Ohana'),
        (746, 7, 'Wela Volcano Park', 'Parc Volcanique'),
        (747, 7, 'Wela Volcano Park', 'Parc Volcanique'),
        (748, 7, 'Brooklet Hill', 'Colline Clapotis'),
        (749, 7, 'Brooklet Hill', 'Colline Clapotis'),
        (750, 7, 'Lush Jungle', 'Jungle Sombrefeuille'),
        (751, 7, 'Ruins of Life', 'Ruines de l’Éveil'),
        (752, 7, 'Akala Outskirts', 'Côte Reculée d’Akala'),
        (753, 7, 'Diglett’s Tunnel', 'Tunnel Taupiqueur'),
        (754, 7, 'Battle Royal Dome', 'Dôme Royal'),
        (755, 7, 'Route 10', 'Route 10'),
        (756, 7, 'Route 11', 'Route 11'),
        (757, 7, 'Secluded Shore', 'Côte Sauvage'),
        (758, 7, 'Route 13', 'Route 13'),
        (759, 7, 'Tapu Village', 'Village Toko'),
        (760, 7, 'Route 15', 'Route 15'),
        (761, 7, 'Route 16', 'Route 16'),
        (762, 7, 'Route 17', 'Route 17'),
        (763, 7, 'Route 12', 'Route 12'),
        (764, 7, 'Haina Desert', 'Désert Haina'),
        (765, 7, 'Route 14', 'Route 14'),
        (766, 7, 'Ula’ula Meadow', 'Jardin d’Ula-Ula'),
        (767, 7, 'Po Town', 'Kokohio'),
        (768, 7, 'Malie City', 'Malié'),
        (769, 7, 'Malie Garden', 'Parc de Malié'),
        (770, 7, 'Mount Hokulani', 'Mont Hokulani'),
        (771, 7, 'Blush Mountain', 'Mont Ardent'),
        (772, 7, 'Ruins of Abundance', 'Ruines de l’Essor'),
        (773, 7, 'Lake of the Sunne', 'Lac du Halo Solaire'),
        (774, 7, 'Lake of the Moone', 'Lac du Halo Lunaire'),
        (775, 7, 'Mount Lanakila', 'Mont Lanakila'),
        (776, 7, 'Shady House', 'Manoir Chelou'),
        (777, 7, 'Thrifty Megamart', 'Bradley Prix'),
        (778, 7, 'Hokulani Observatory', 'Observatoire'),
        (779, 7, 'Pokémon League', 'Ligue Pokémon'),
        (780, 7, 'Poni Meadow', 'Jardin de Poni'),
        (781, 7, 'Poni Wilds', 'Prairie de Poni'),
        (782, 7, 'Ancient Poni Path', 'Vieille Route'),
        (783, 7, 'Poni Breaker Coast', 'Récif de Poni'),
        (784, 7, 'Poni Grove', 'Forêt de Poni'),
        (785, 7, 'Poni Plains', 'Plaine de Poni'),
        (786, 7, 'Poni Coast', 'Côte de Poni'),
        (787, 7, 'Poni Gauntlet', 'Chemin du Défi'),
        (788, 7, 'Seafolk Village', 'Village Flottant'),
        (789, 7, 'Vast Poni Canyon', 'Grand Canyon de Poni'),
        (790, 7, 'Altar of the Sunne', 'Autel du Soleil'),
        (791, 7, 'Altar of the Moone', 'Autel de la Lune'),
        (792, 7, 'Ruins of Hope', 'Ruines de l’Au-Delà'),
        (793, 7, 'Resolution Cave', 'Caverne Coda'),
        (794, 7, 'Exeggutor Island', 'Île Noadkoko'),
        (795, 7, 'Battle Tree', 'Arbre de Combat'),
        (796, 7, 'Aether Paradise', 'Paradis Æther'),
        (797, 7, 'Ultra Space', 'Ultra-Dimension'),
        (798, 7, 'Malie City', 'Malié'),
        (799, 1, 'Roaming Kanto', null),
        (800, 2, 'Roaming Johto', null),
        (801, 3, 'Roaming Hoenn', null),
        (802, 4, 'Roaming Sinnoh', null),
        (803, 3, 'Terra Cave', null),
        (804, 3, 'Marine Cave', null),
        (805, 1, 'Two Island', null),
        (806, 1, 'Three Island', null),
        (807, 1, 'Three Isle Path', null),
        (808, 1, 'Six Island', null),
        (809, 1, 'Seven Island', null),
        (810, 1, 'Birth Island', null),
        (811, 1, 'Navel Rock', null),
        (812, 3, 'Faraway Island', null),
        (813, 3, 'Hoenn Battle Frontier', null),
        (814, 2, 'Johto Safari Zone', null);

-- -----------------------------

INSERT INTO ability (id, generation_id, name_en, name_fr, short_effect_en, short_effect_fr, effect_en, effect_fr) VALUES


